Name,Total,HP,Attack,Defence,Sp_attack,Sp_defence,Speed,KMeans_Cluster,PCA1,PCA2,Agg_Cluster,DBSCAN_Cluster
Bulbasaur,318,45,49,49,65,65,45,1,-1.8649741711606969,0.003934274716927849,1,0
Ivysaur,405,60,62,63,80,80,60,2,-0.48829616239177087,-0.051059076532907983,1,0
Venusaur,525,80,82,83,100,100,80,2,1.4092177901252587,-0.10021635922572915,0,0
Mega Venusaur,625,80,100,123,122,120,80,0,2.9895302353643842,0.6035683404506454,0,0
Charmander,309,39,52,43,60,50,65,1,-2.089725695846482,-0.6721490252152936,1,0
Charmeleon,405,58,64,58,80,65,80,2,-0.5658877397559556,-0.7424697711811987,0,0
Charizard,534,78,84,78,109,85,100,2,1.4744312758915499,-0.8797672567505925,0,0
Mega Charizard,634,78,130,111,130,85,100,0,3.0232825459110955,-0.4786379810866629,2,0
Mega Charizard X,634,78,104,78,159,115,100,0,3.120825177101479,-1.12698387104441,2,0
Squirtle,314,44,48,65,50,64,43,1,-1.945215622480393,0.4894856235248124,1,0
Wartortle,405,59,63,80,65,80,58,2,-0.5042276294259196,0.4609877643022094,0,0
Blastoise,530,79,83,100,85,105,78,2,1.4825489664246285,0.45368099559446823,0,0
Mega Blastoise,630,79,103,120,135,115,78,0,3.066128247931289,0.41887391885577213,0,0
Caterpie,195,45,30,35,20,20,45,1,-3.8899121947605475,-0.18966814298948503,1,0
Metapod,205,50,20,55,25,25,30,1,-3.6994512752571986,0.5523231187863603,1,0
Butterfree,395,60,45,50,90,80,70,2,-0.6574642826918781,-0.6199825317745392,0,0
Weedle,195,40,35,30,20,20,50,1,-3.9037125540265714,-0.4202875194264942,1,0
Kakuna,205,45,25,50,25,25,35,1,-3.71325163452322,0.3217037423493508,1,0
Beedrill,395,65,90,40,45,80,75,2,-0.6514737062094414,-0.4866170766869561,0,0
Mega Beedrill,495,65,150,40,15,80,145,2,0.7576365024253994,-1.8390374702449324,0,-1
Pidgey,251,40,45,40,35,35,56,1,-3.0121192891775714,-0.3949363587719029,1,0
Pidgeotto,349,63,60,55,50,50,71,1,-1.4510141599395996,-0.4033719012660365,1,0
Pidgeot,479,83,80,75,70,70,101,2,0.5797508422371093,-0.6839956634554836,0,0
Mega Pidgeot,579,83,80,80,135,80,121,0,2.1297071170179267,-1.604842827991011,2,0
Rattata,253,30,56,35,25,35,72,1,-3.029009852904643,-0.8026011374405675,1,0
Mega Rattata,253,30,56,35,25,35,72,1,-3.029009852904643,-0.8026011374405675,1,0
Raticate,413,55,81,60,50,70,97,2,-0.47859212559131625,-0.7803467128364302,0,0
Mega Raticate,413,75,71,70,40,80,77,2,-0.3919273813563396,0.12953363066297868,0,0
Spearow,262,40,60,30,31,31,70,1,-2.8694723935534645,-0.9096911428364879,1,0
Fearow,442,65,90,65,61,61,100,2,-0.03587351690159751,-0.9062444307052911,0,0
Ekans,288,35,60,44,40,54,55,1,-2.3962016185681216,-0.21002140889333878,1,0
Arbok,448,60,95,69,65,79,80,2,0.13441911176459645,-0.27579396448218146,0,0
Pikachu,320,35,55,40,50,50,90,1,-1.9807721026282459,-1.2253673996590089,1,0
Mega Pikachu,430,45,80,50,75,60,120,2,-0.2894121539699368,-1.8662682664604902,0,0
Raichu,485,60,90,55,90,80,110,2,0.6633762079435193,-1.470362336389799,0,0
Mega Raichu,485,60,85,50,95,85,110,2,0.6790518642097113,-1.570268524043046,0,0
Sandshrew,300,50,75,85,20,30,40,1,-2.2419142047259566,0.9575985856684354,1,0
Mega Sandshrew,300,50,75,90,10,35,40,1,-2.237764865351913,1.1923355567791278,1,0
Sandslash,450,75,100,110,45,55,65,2,0.12997823592032598,0.8961519823024026,0,0
Mega Sandslash,450,75,100,120,25,65,65,2,0.13827691466841147,1.3656259245237872,0,0
Nidoran♀,275,55,47,52,40,40,41,1,-2.57641672244007,0.225479647345244,1,0
Nidorina,365,70,62,67,55,55,56,1,-1.1532812580523009,0.1886116853256242,1,0
Nidoqueen,505,90,92,87,75,85,76,2,1.0814862708182051,0.21882947838015857,0,0
Nidoran♂,273,46,57,40,40,40,50,1,-2.6295199331948917,-0.24703956448797287,1,0
Nidorino,365,61,72,57,55,55,65,1,-1.1769608734440402,-0.24592636715804647,1,0
Nidoking,505,81,102,77,85,75,85,2,1.0379536611266056,-0.39734316082542426,0,0
Clefairy,323,70,45,48,60,65,35,1,-1.724609277903219,0.35595864582091463,1,0
Clefable,483,95,70,73,95,90,60,2,0.8059554551102482,0.19657848370313966,0,0
Vulpix,299,38,41,40,50,65,65,1,-2.21659277801907,-0.5044311685282109,1,0
Mega Vulpix,299,38,41,40,50,65,65,1,-2.21659277801907,-0.5044311685282109,1,0
Ninetales,505,73,76,75,81,100,100,2,1.0405877219388513,-0.5512829897399606,0,0
Mega Ninetales,505,73,67,75,81,100,109,2,1.0176582059147739,-0.7557094642863905,0,0
Jigglypuff,270,115,45,20,45,25,20,1,-2.5124464079124573,0.14345072024999084,1,-1
Wigglytuff,435,140,70,45,85,50,45,2,0.09745447128460262,-0.06489622124365482,0,-1
Zubat,245,40,45,35,30,40,55,1,-3.089076885401315,-0.37592531583515,1,0
Golbat,455,75,80,70,65,75,90,2,0.23157253150348,-0.4619505605475963,0,0
Oddish,320,45,50,55,75,65,30,1,-1.8020348382251627,0.3667113180364747,1,0
Gloom,395,60,65,70,85,75,40,2,-0.6141236881843498,0.452692861155951,1,0
Vileplume,490,75,80,85,110,90,50,2,0.9010585437407622,0.4336245801328997,0,0
Paras,285,35,70,55,45,55,25,1,-2.3782080285134866,0.6483517772173635,1,0
Parasect,405,60,95,80,60,80,30,2,-0.4314899795537549,1.1477716915963134,0,0
Venonat,305,60,55,50,40,55,45,1,-2.0715382956581863,0.23477293857748627,1,0
Venomoth,450,70,65,60,90,75,90,2,0.15681181054500096,-0.9079715880438962,0,0
Diglett,265,10,55,25,35,45,95,1,-2.893249827562705,-1.609760821403532,1,0
Mega Diglett,265,10,55,30,35,45,90,1,-2.886316363984841,-1.399074683281356,1,0
Dugtrio,425,35,100,50,50,70,120,2,-0.3625730999107359,-1.581925770463442,0,0
Mega Dugtrio,425,35,100,60,50,70,110,2,-0.3487061727550087,-1.1605534942190905,0,0
Meowth,290,40,45,35,40,40,90,1,-2.464025919225239,-1.2839915528250638,1,0
Mega Meowth,290,40,35,35,50,40,90,1,-2.4640819165444907,-1.3775991593539962,1,0
Mega Meowth X,290,50,65,55,40,40,40,1,-2.3461265534572093,0.28004105811473934,1,0
Persian,440,65,70,60,65,65,115,2,-0.09213347857895761,-1.345438156191097,0,0
Mega Persian,440,65,60,60,75,65,115,2,-0.09218947589820863,-1.4390457627200293,0,0
Psyduck,320,50,52,48,65,50,55,1,-1.880373321745831,-0.3556018498731349,1,0
Golduck,500,80,82,78,95,80,85,2,0.9658976070297077,-0.4293377739123748,0,0
Mankey,305,40,80,35,35,45,70,1,-2.165052507492151,-0.7453821332507002,1,0
Primeape,455,65,105,60,60,70,95,2,0.20683993315413118,-0.806828736616733,0,0
Growlithe,350,55,70,45,70,50,60,1,-1.4066050818100588,-0.5672900598192638,1,0
Arcanine,555,90,110,80,100,80,95,0,1.8248096904208384,-0.6483620152523291,0,0
Poliwag,300,40,50,40,40,40,90,1,-2.311102785974317,-1.1912016305626036,1,0
Poliwhirl,385,65,65,65,50,50,90,1,-0.9368626277150228,-0.6483072867919182,0,0
Poliwrath,510,90,95,95,70,90,70,2,1.176775006530584,0.5991535111704287,0,0
Abra,310,25,20,15,105,55,90,1,-2.1146178882790116,-2.2173156423048552,0,0
Kadabra,400,40,35,30,120,70,105,1,-0.6914824238912427,-2.2541836043244747,0,0
Alakazam,500,55,50,45,135,95,120,2,0.9101783271635714,-2.2073505383739245,0,0
Mega Alakazam,600,55,50,65,175,105,150,0,2.4173818859092266,-2.8299715904051213,2,-1
Machop,305,70,80,50,35,35,35,1,-2.0718932595567088,0.37252978535947123,1,0
Machoke,405,80,100,70,50,60,45,2,-0.47016594061219,0.6101157511173636,0,0
Machamp,505,90,130,80,65,85,55,2,1.1431716912033543,0.6534699679047161,0,0
Bellsprout,300,50,75,35,70,30,40,1,-2.184142626967084,-0.4815981918289273,1,0
Weepinbell,390,65,90,50,85,45,55,1,-0.7610071625793154,-0.5184661538485473,0,0
Victreebel,490,80,105,65,100,70,70,2,0.8406535884754986,-0.4716330878979968,0,0
Tentacool,335,40,40,35,50,100,70,1,-1.5800681510183674,-0.41462300865113827,1,0
Tentacruel,515,80,70,65,80,120,100,2,1.260139572152879,-0.5365194362536904,0,0
Geodude,300,40,80,100,30,30,20,1,-2.222164982674558,1.5697531805132687,1,0
Mega Geodude,300,40,80,100,30,30,20,1,-2.222164982674558,1.5697531805132687,1,0
Graveler,390,55,95,115,45,45,35,2,-0.7990295182867887,1.5328852184936488,1,0
Mega Graveler,390,55,95,115,45,45,35,2,-0.7990295182867887,1.5328852184936488,1,0
Golem,495,80,120,130,55,65,45,2,0.898597289170259,1.733782361767344,0,0
Mega Golem,495,80,120,130,55,65,45,2,0.898597289170259,1.733782361767344,0,0
Ponyta,410,50,85,55,65,65,90,2,-0.5194207782003479,-0.921524570767912,0,0
Mega Ponyta,410,50,85,55,65,65,90,2,-0.5194207782003479,-0.921524570767912,0,0
Rapidash,500,65,100,70,80,80,105,2,0.9037146861874213,-0.9583925327875317,0,0
Mega Rapidash,500,65,100,70,80,80,105,2,0.9037146861874213,-0.9583925327875317,0,0
Slowpoke,315,90,65,65,40,40,15,1,-1.84228787653999,1.190775151231453,1,0
Mega Slowpoke,315,90,65,65,40,40,15,1,-1.84228787653999,1.190775151231453,1,0
Slowbro,490,95,75,110,100,80,30,2,0.9307138247079825,1.4587985867021596,0,0
Mega Slowbro,590,95,75,180,130,80,30,0,2.43655653951741,2.4943384876810493,0,-1
Mega Slowbro X,490,95,100,95,100,70,30,2,0.9283322970339113,1.0794239830533694,0,0
Magnemite,325,25,35,70,95,55,45,1,-1.825678597100359,-0.03978997204001533,1,0
Magneton,465,50,60,95,120,70,70,2,0.3676885568788773,-0.18493760337621862,0,0
Farfetch'd,377,52,90,55,58,62,60,1,-0.9699455567807711,-0.17873682077291483,1,0
Mega Farfetch'd,377,52,95,55,58,62,55,1,-0.9572069367673948,-0.06516655713600936,1,0
Doduo,310,35,85,45,35,35,75,1,-2.1367011882021036,-0.7748438425362836,1,0
Dodrio,470,60,110,70,60,60,110,2,0.368442302103862,-1.0677569253989374,0,0
Seel,325,65,45,55,45,70,45,1,-1.7233524802213798,0.42840681395697455,1,0
Dewgong,475,90,70,80,70,95,70,2,0.6485399604249023,0.3669602105909414,0,0
Grimer,325,80,80,50,40,50,25,1,-1.685558151969478,0.7161215518423342,1,0
Mega Grimer,325,80,80,50,40,50,25,1,-1.685558151969478,0.7161215518423342,1,0
Muk,500,105,105,75,65,100,50,2,1.1326475053444167,0.8639275184017268,0,0
Mega Muk,500,105,105,75,65,100,50,2,1.1326475053444167,0.8639275184017268,0,0
Shellder,305,30,65,100,45,25,40,1,-2.2174716037303446,0.8890177733346859,1,0
Cloyster,525,50,95,180,85,45,70,2,1.1720741337596312,1.5476357219053303,0,-1
Gastly,310,30,35,30,100,35,80,1,-2.1392552171722317,-1.8081444103818929,0,0
Haunter,405,45,50,45,115,55,95,2,-0.62685710945094,-1.8031618584164277,0,0
Gengar,500,60,65,60,130,75,110,2,0.885540998270352,-1.7981793064509626,0,0
Mega Gengar,600,60,65,80,170,95,130,0,2.4380187940233675,-2.1056328510153697,2,-1
Onix,385,35,45,160,30,45,70,1,-1.0471939979170144,1.6747776760482096,1,-1
Drowzee,328,60,48,45,43,90,42,1,-1.6237422106994885,0.47586168087864716,1,0
Hypno,483,85,73,70,73,115,67,2,0.8274863761303858,0.3654482981367432,0,0
Krabby,325,30,105,90,25,25,50,1,-1.9137699568746989,0.6462088057025802,1,0
Kingler,475,55,130,115,50,50,75,2,0.4581224837715832,0.5847622023365471,0,0
Voltorb,330,40,30,50,55,55,100,1,-1.8423939703207504,-1.245459205038232,1,0
Electrode,490,60,50,70,80,80,150,2,0.62347192069244,-1.996132191611706,0,0
Exeggcute,325,60,40,80,60,45,40,1,-1.796083026504126,0.6471443514295492,1,0
Exeggutor,530,95,95,85,125,75,55,2,1.5209211737759754,0.11003158078122242,0,0
Mega Exeggutor,530,95,105,85,125,75,45,2,1.546398413802728,0.3371721080550337,0,0
Cubone,320,50,50,95,40,50,35,1,-1.883847318888017,1.2455874411583574,1,0
Marowak,425,60,80,110,50,80,45,2,-0.1870242015148377,1.474711849680531,0,0
Mega Marowak,425,60,80,110,50,80,45,2,-0.1870242015148377,1.474711849680531,0,0
Hitmonlee,455,50,120,53,35,110,87,2,0.2940762383413384,-0.2347513169273132,0,-1
Hitmonchan,455,50,105,79,35,110,76,2,0.2919143889061006,0.5201058103972837,0,0
Lickitung,385,90,55,75,60,75,30,2,-0.7118385268524634,1.1348936613491745,0,0
Koffing,340,40,65,95,60,45,35,1,-1.5901350240202714,0.9658403569287166,1,0
Weezing,490,65,90,120,85,70,60,2,0.7817574166260112,0.9043937535626834,0,0
Mega Weezing,490,65,90,120,85,70,60,2,0.7817574166260112,0.9043937535626834,0,0
Rhyhorn,345,80,85,95,30,30,25,1,-1.459885977158188,1.4990661639071192,1,0
Rhydon,485,105,130,120,45,45,40,2,0.7590144141670527,1.6746666663736587,0,0
Chansey,450,250,5,5,35,105,50,2,0.6294847124140873,0.428835257535454,0,-1
Tangela,435,65,55,115,100,40,60,2,-0.14491800713457598,0.4265782659305276,0,0
Kangaskhan,490,105,95,80,40,80,90,2,0.8267510984523657,0.1147722919509331,0,0
Mega Kangaskhan,590,105,125,100,60,100,100,0,2.4048181288706365,0.22167448771820217,2,0
Horsea,295,30,40,70,70,25,60,1,-2.392463428155337,-0.37765159222407835,1,0
Seadra,440,55,65,95,95,45,85,2,-0.10983363084257779,-0.4809487095751966,0,0
Goldeen,320,45,67,60,35,50,63,1,-1.92138639294287,-0.043346591655572385,1,0
Seaking,450,80,92,65,65,80,68,2,0.2308288653330944,0.006752429492246341,0,0
Staryu,340,30,45,55,70,55,85,1,-1.6650727643848922,-0.9922363782881201,1,0
Starmie,520,60,75,85,100,85,115,2,1.1811981643906455,-1.0659723023273595,0,0
Mr. Mime,460,40,45,65,100,120,90,2,0.35756405876046077,-0.6322672913309604,0,0
Mega Mr. Mime,460,50,65,65,90,90,100,2,0.28648561648744847,-0.9900146760251115,0,0
Scyther,500,70,110,80,55,80,105,2,0.8991112623026827,-0.510208529179827,0,0
Jynx,455,65,50,35,115,95,95,2,0.2850502225273383,-1.5871824944697621,0,0
Electabuzz,490,65,83,57,95,85,105,2,0.7698943057447469,-1.3029657739233327,0,0
Magmar,495,65,95,57,100,85,93,2,0.8798031399604426,-1.0793639205706307,0,0
Pinsir,500,65,125,100,55,70,85,2,0.9001812239453687,0.2245758048010624,0,0
Mega Pinsir,600,65,155,120,65,90,105,0,2.4528270116561375,0.19794507982345277,2,-1
Tauros,490,75,100,95,40,70,110,2,0.6973827779827585,-0.2557875492228604,0,0
Magikarp,200,20,10,55,15,20,80,1,-3.9572454955341874,-0.6512218549278501,1,0
Gyarados,540,95,125,79,60,100,81,2,1.6702313021421233,0.2271181011846892,0,0
Mega Gyarados,640,95,155,109,70,130,81,0,3.2820182540159824,0.937027159918222,2,0
Lapras,535,130,85,80,85,95,60,2,1.6812381080966652,0.587199521253166,0,0
Ditto,288,48,48,48,48,48,48,1,-2.377080742952356,-0.049206193933821404,1,0
Eevee,325,55,55,50,45,65,55,1,-1.7666568536792433,0.020270445471736127,1,0
Mega Eevee,435,65,75,70,65,85,75,2,-0.041604982224971394,-0.06442736162794803,0,0
Vaporeon,525,130,65,60,110,95,65,2,1.5328518308407775,-0.1445273044243413,0,0
Jolteon,525,65,65,60,110,95,130,2,1.2779801267208153,-1.8800728297969511,0,0
Flareon,525,65,130,60,95,110,65,2,1.473361678344498,-0.13120752243431014,0,0
Porygon,395,65,60,70,85,75,40,2,-0.6072567924961907,0.4726260994707847,1,0
Omanyte,355,35,40,100,90,55,35,1,-1.3450856365914319,0.8437382253711218,1,0
Omastar,495,70,60,125,115,70,55,2,0.8747539287774998,0.8520273343014911,0,0
Kabuto,355,30,80,90,55,45,55,1,-1.410897705825303,0.41489182619640874,1,0
Kabutops,495,60,115,105,65,70,80,2,0.8208276496726047,0.32388407419087695,0,0
Aerodactyl,515,80,105,65,60,75,130,2,1.0947333602983804,-1.4268472158856682,0,0
Mega Aerodactyl,615,80,135,85,70,95,150,0,2.6473791480091484,-1.4534779408632776,2,0
Snorlax,540,160,110,65,65,110,30,2,1.9254583065650506,1.4139656167437205,0,-1
Articuno,580,90,85,100,95,125,85,0,2.313001513993998,0.39935234353841403,0,0
Mega Articuno,580,90,85,85,125,100,95,0,2.2552792588645074,-0.6200260772604539,2,0
Zapdos,580,90,90,85,125,90,100,0,2.2227436418705215,-0.8216233210903393,2,0
Mega Zapdos,580,90,125,90,85,90,100,0,2.2171624747120116,-0.3500770204893399,2,0
Moltres,580,90,100,90,125,85,90,0,2.2325172269714564,-0.5413804094277478,2,0
Mega Moltres,580,90,85,90,100,125,90,0,2.311845208192022,0.04474652766650213,0,0
Dratini,300,41,64,45,50,50,50,1,-2.1938846035038275,-0.1871176256550747,1,0
Dragonair,420,61,84,65,70,70,70,2,-0.29637065098680276,-0.23627490834790096,0,0
Dragonite,600,91,134,95,100,100,80,0,2.6008547578422414,0.14427022216048158,2,0
Mewtwo,680,106,110,90,154,90,130,0,3.749601336195389,-1.6568642469810335,2,-1
Mega Mewtwo,780,106,190,100,154,100,130,0,5.345070917169329,-1.4178650400456088,2,-1
Mega Mewtwo X,780,106,150,70,194,120,140,0,5.393794620439866,-2.42607727996081,2,-1
Mew,600,100,100,100,100,100,100,0,2.55645553359191,-0.17701512893517019,2,0
Chikorita,318,45,49,65,49,65,45,1,-1.8834610760435517,0.46447724351608416,1,0
Bayleef,405,60,62,80,63,80,60,2,-0.507938498829788,0.4382678278162005,0,0
Meganium,525,80,82,100,83,100,80,2,1.3895754536872373,0.3891105451233739,0,0
Cyndaquil,309,39,52,43,60,50,65,1,-2.0897256958464756,-0.6721490252152936,1,0
Quilava,405,58,64,58,80,65,80,2,-0.565887739755942,-0.7424697711811986,0,0
Typhlosion,534,78,84,78,109,85,100,2,1.4744312758915499,-0.8797672567505925,0,0
Totodile,314,50,65,64,44,48,43,1,-1.9674559131449243,0.4093037302141503,1,0
Croconaw,405,65,80,80,59,63,58,2,-0.5296086510756141,0.3914263478693035,0,0
Feraligatr,530,85,105,100,79,83,78,2,1.447269446284629,0.3401060890650722,0,0
Sentret,215,35,46,34,35,45,20,1,-3.4719267789373642,0.38989765991175335,1,0
Furret,415,85,76,64,45,55,90,2,-0.42212264746604633,-0.5101580717371103,0,0
Hoothoot,262,60,30,30,36,56,50,1,-2.7415858369554233,-0.20241348781154808,1,0
Noctowl,452,100,50,50,86,96,70,2,0.33391972812275417,-0.306888342005544,0,0
Ledyba,265,40,20,30,40,80,55,1,-2.6866831589897444,-0.22319278052305253,1,0
Ledian,390,55,35,50,55,110,85,2,-0.7223242017041778,-0.38675602145848226,1,0
Spinarak,250,40,60,40,40,40,30,1,-2.951880794245979,0.19327129419431108,1,0
Ariados,400,70,90,70,60,70,40,2,-0.5307842571569917,0.6804018879000542,0,0
Crobat,535,85,90,80,70,80,130,2,1.411483867223927,-1.1738123749930864,0,0
Chinchou,330,75,38,38,56,56,67,1,-1.6943443330039858,-0.5899989582290632,1,0
Lanturn,460,125,58,58,76,76,67,2,0.4540537633819357,-0.06960170870807524,0,0
Pichu,205,20,40,15,35,35,60,1,-3.7509021183209494,-1.0312055151421884,1,0
Cleffa,218,50,25,28,45,55,15,1,-3.3642617975696063,0.4398501771080405,1,0
Igglybuff,210,90,30,15,40,20,15,1,-3.4904773478536573,0.08898494433229148,1,-1
Togepi,245,35,20,65,40,65,20,1,-2.9921678844766406,1.1082883821734932,1,0
Togetic,405,55,40,85,80,105,40,2,-0.42025877389115734,1.0306660379175239,0,0
Natu,320,40,50,45,70,45,70,1,-1.9387663764509009,-0.8852659354656373,1,0
Xatu,470,65,75,70,95,70,95,2,0.433126064195381,-0.9467125388316702,0,0
Mareep,280,55,40,40,65,45,35,1,-2.4580753529433927,-0.06348263739236329,1,0
Flaaffy,365,70,55,55,80,60,45,1,-1.1015654133854662,0.015382640336327217,1,0
Ampharos,510,90,75,85,115,90,55,2,1.2263491915051092,0.3243983237304098,0,0
Mega Ampharos,610,90,95,105,165,110,45,0,2.855202710019133,0.6047587544585045,0,-1
Bellossom,490,75,80,95,90,100,50,2,0.9093572224888484,0.9030985223542844,0,0
Marill,250,70,20,50,20,50,40,1,-2.9278579813956913,0.5552041390308861,1,0
Azumarill,420,100,50,80,60,80,50,2,-0.1894168595723335,0.846467615233146,0,0
Sudowoodo,410,70,100,115,30,65,30,2,-0.4085556418959686,2.0140686628087945,1,0
Politoed,500,90,75,75,90,100,70,2,1.0609523449283074,0.11582773258727283,0,0
Hoppip,250,35,35,40,35,55,50,1,-2.979978675857104,-0.10209872511420916,1,0
Skiploom,340,55,45,50,45,65,80,1,-1.592257519216471,-0.554069801047006,1,0
Jumpluff,460,75,55,70,55,95,110,2,0.2996321875736624,-0.6487330242917314,0,0
Aipom,360,55,70,55,40,55,85,1,-1.3131137146134726,-0.6203992715727739,1,0
Sunkern,180,30,30,30,30,30,30,1,-4.08484330021768,-0.004964639510277426,1,0
Sunflora,425,75,75,55,105,85,30,2,-0.054760420385167555,0.3361193903851391,0,0
Yanma,390,65,65,45,75,45,95,1,-0.8570549689315619,-1.4305365309001294,0,0
Wooper,210,55,45,45,25,25,15,1,-3.563394061814665,0.7165724229299653,1,0
Quagsire,430,95,85,85,65,65,35,2,-0.03486825609998016,1.081190816537554,0,0
Espeon,525,65,65,60,130,95,110,2,1.3288226121358193,-1.613006988307193,0,0
Umbreon,525,95,65,110,60,130,65,2,1.4963014726969246,1.4632312355446158,0,-1
Murkrow,405,60,85,42,85,42,91,2,-0.6181505366314933,-1.5443877119176415,0,0
Slowking,490,95,75,80,100,110,30,2,1.0249357542628863,1.1401842803694782,0,0
Mega Slowking,490,95,65,80,110,110,30,2,1.024879756943636,1.0465766738405458,0,0
Misdreavus,435,60,60,60,85,85,85,2,-0.0624507997073596,-0.6929480892449977,0,0
Unown,336,48,72,48,72,48,48,1,-1.615319346023668,-0.2946290202727445,1,0
Wobbuffet,405,190,33,58,33,58,33,2,-0.2784533759487499,1.229665063068217,0,-1
Girafarig,455,70,80,65,90,65,85,2,0.22331242198547296,-0.7874754062261052,0,0
Pineco,290,50,65,90,35,35,15,1,-2.3329400482695943,1.5304938108641337,1,0
Forretress,465,75,90,140,60,60,40,2,0.4067473344152136,1.9438116993674281,0,0
Dunsparce,415,100,70,70,65,65,45,2,-0.2741555656616893,0.5891248324569799,0,0
Gligar,430,65,75,105,35,65,85,2,-0.22650846414699616,0.49517506780737397,0,0
Steelix,510,75,85,200,55,65,30,2,1.0867664979547043,3.407693228822795,0,-1
Mega Steelix,610,75,125,230,55,95,30,0,2.698609447147813,4.21120989408526,0,-1
Snubbull,300,60,80,50,40,40,30,1,-2.1423820759321885,0.44560623531013804,1,0
Granbull,450,90,120,75,60,60,45,2,0.2519840005983251,0.634023710700726,0,0
Qwilfish,440,65,95,85,55,55,85,2,-0.06446854033762145,-0.1728565756073605,0,0
Scizor,500,70,130,100,55,80,65,2,0.9777995966676428,0.786817077856498,0,0
Mega Scizor,600,70,150,140,65,100,75,0,2.5327019986631134,1.3757903780937804,2,0
Shuckle,505,20,10,230,10,230,5,2,1.2876311001122265,6.2148165511315385,0,-1
Heracross,500,80,125,75,40,95,85,2,0.9993841816178097,0.1592750075950606,0,0
Mega Heracross,600,80,185,115,40,105,75,0,2.5855000640054255,1.208109988715918,2,-1
Sneasel,430,55,95,55,35,75,115,2,-0.23882541426783682,-1.1092447553034486,0,0
Teddiursa,330,60,80,50,50,50,40,1,-1.6719334472382774,0.1999072250319459,1,0
Ursaring,500,90,130,75,75,75,55,2,1.049759708495788,0.37688248280893855,0,0
Slugma,250,40,40,40,70,40,20,1,-2.9265715461769783,0.13958900188132506,1,0
Magcargo,430,60,50,120,90,80,30,2,-0.08127849877951918,1.6330609873346542,0,0
Swinub,250,50,50,40,30,30,50,1,-3.008842482584525,-0.21556265738769168,1,0
Piloswine,450,100,100,80,60,60,50,2,0.24717401552575433,0.6574357981787581,0,0
Corsola,410,65,55,95,65,95,35,2,-0.3457455315310033,1.428555980643651,0,0
Mega Corsola,410,60,55,100,65,100,30,2,-0.3357804651509941,1.663322370547483,0,0
Remoraid,300,35,65,35,65,35,65,1,-2.258509916948514,-1.018431931597,1,0
Octillery,480,75,105,75,105,75,45,2,0.7370116901274397,0.27205237999707094,0,0
Delibird,330,45,55,45,65,45,75,1,-1.7858818124300566,-0.9364251097460526,1,0
Mantine,485,85,40,70,80,140,70,2,0.9010421563876964,0.45098307542223476,0,0
Skarmory,465,65,80,140,40,70,70,2,0.336490814577748,1.4977658341671725,0,0
Houndour,330,45,60,30,80,50,65,1,-1.733174600585338,-1.0970301256249606,1,0
Houndoom,500,75,90,50,110,80,95,2,0.9659783513747905,-1.3606718464119305,0,0
Mega Houndoom,600,75,90,90,140,90,115,0,2.475494521724397,-1.2740812666993042,2,0
Kingdra,540,75,95,95,95,95,85,2,1.6039018336774622,-0.004340377579058251,0,0
Phanpy,330,90,60,60,40,40,40,1,-1.662083385641705,0.5193190302274404,1,0
Donphan,500,90,120,120,60,60,50,2,0.9806404210975128,1.3728665563172042,0,0
Porygon2,515,85,80,90,105,95,60,2,1.2902571600208346,0.4234688167779583,0,0
Stantler,465,73,95,62,85,65,85,2,0.3896719416057369,-0.7913071368867103,0,0
Smeargle,250,55,20,35,20,45,75,1,-3.030112037737569,-0.6349485349242542,1,0
Tyrogue,210,35,35,35,35,35,35,1,-3.6104648120884235,-0.01725396018348411,1,0
Hitmontop,455,50,95,95,35,110,70,2,0.28862423232851153,0.9671609251144347,0,0
Smoochum,305,45,30,15,85,65,65,1,-2.082912358683601,-1.2923262014987433,1,0
Elekid,360,45,63,37,65,55,95,1,-1.331566176146826,-1.4710424399455557,0,0
Magby,365,45,75,37,70,55,83,1,-1.2216573419311298,-1.247440586592853,0,0
Miltank,490,95,80,105,40,70,100,2,0.7387172878911222,0.2453176802808254,0,0
Blissey,540,255,10,10,75,135,55,2,2.1055294404961034,0.28303105115657706,0,-1
Raikou,580,90,85,75,115,100,115,0,2.2159910890012773,-1.1749312742496838,2,0
Entei,580,115,115,85,90,75,100,0,2.2275786154577806,-0.526370976954378,2,0
Suicune,580,100,75,115,90,115,85,0,2.289550837742794,0.6893432666953783,0,0
Larvitar,300,50,64,50,45,50,41,1,-2.164371833016952,0.19710835560779216,1,0
Pupitar,410,70,84,70,65,70,51,2,-0.400108930159609,0.37941755241158637,0,0
Tyranitar,600,100,134,110,95,100,61,0,2.644234455484846,0.9498684796676998,2,0
Mega Tyranitar,700,100,164,150,95,120,71,0,4.199192854799571,1.6324493864339142,2,0
Lugia,680,106,90,130,90,154,110,0,3.8811737282838985,0.7368051584689868,2,-1
Ho-oh,680,106,130,90,110,154,90,0,3.9784574651830016,0.22694400407658358,2,-1
Celebi,600,100,100,100,100,100,100,0,2.55645553359191,-0.17701512893517019,2,0
Treecko,310,40,45,35,65,55,70,1,-2.066059357626075,-0.940340948755922,1,0
Grovyle,405,50,65,45,85,65,95,2,-0.6000252248244183,-1.4143788203218175,0,0
Sceptile,530,70,85,65,105,85,120,2,1.3641142525224483,-1.5792693427629543,0,0
Mega Sceptile,630,70,110,75,145,85,145,0,2.8758697471718944,-2.370578860320766,2,0
Torchic,310,45,60,40,70,50,45,1,-2.0112310154564783,-0.3462578111322464,1,0
Combusken,405,60,85,60,85,60,55,2,-0.5116964411379321,-0.21861610123758518,0,0
Blaziken,530,80,120,70,110,70,80,2,1.4442283534397256,-0.712569156106708,0,0
Mega Blaziken,630,80,160,80,130,80,100,0,2.9886314597216583,-1.1150662167767702,2,0
Mudkip,310,50,70,50,50,50,40,1,-2.0031238179874666,0.1686926528478977,1,0
Marshtomp,405,70,85,70,60,70,50,2,-0.4768973523405262,0.45109838451483836,0,0
Swampert,535,100,110,90,85,90,60,2,1.61852792260638,0.6178183502382147,0,0
Mega Swampert,635,100,150,110,95,110,70,0,3.1966509503439013,0.8183281525344165,2,0
Poochyena,220,35,55,35,30,30,35,1,-3.4616070222326663,-0.018789599238317127,1,0
Mightyena,420,70,90,70,60,60,70,2,-0.3095563948449875,-0.09769857855997786,0,0
Zigzagoon,240,38,30,41,30,41,60,1,-3.188912896557727,-0.3699641512849621,1,0
Mega Zigzagoon,240,38,30,41,30,41,60,1,-3.188912896557727,-0.3699641512849621,1,0
Linoone,420,78,70,61,50,61,100,2,-0.36251610322295597,-0.8196252486029336,0,0
Mega Linoone,420,78,70,61,50,61,100,2,-0.36251610322295597,-0.8196252486029336,0,0
Wurmple,195,45,45,35,20,30,20,1,-3.8064220977130585,0.4662101553880228,1,0
Silcoon,205,50,35,55,25,25,15,1,-3.6612354152170687,0.8930339096970769,1,0
Beautifly,395,60,70,50,100,50,65,2,-0.7041726509395808,-0.8641008152455051,0,0
Cascoon,205,50,35,55,25,25,15,1,-3.6612354152170687,0.8930339096970769,1,0
Dustox,385,60,50,70,50,90,65,2,-0.8066535918493746,0.34883458833496533,0,0
Lotad,220,40,30,30,40,50,30,1,-3.396658353453651,0.10004438208517898,1,0
Lombre,340,60,50,50,60,70,50,1,-1.4991444009366255,0.0508870993923525,1,0
Ludicolo,480,80,70,70,90,100,70,2,0.7355671306146296,-0.012502714082045526,0,0
Seedot,220,40,40,50,30,30,30,1,-3.45941697583767,0.40606152616923247,1,0
Nuzleaf,340,70,70,40,60,40,60,1,-1.558668527657863,-0.5946996408012711,1,0
Shiftry,480,90,100,60,90,60,80,2,0.6562460069127826,-0.7461164344686486,0,0
Taillow,270,40,55,30,30,30,85,1,-2.78267972181058,-1.253304632891857,1,0
Swellow,455,60,85,60,75,50,125,2,0.08386332744561896,-1.8246489269323587,0,0
Wingull,270,40,30,30,55,30,85,1,-2.7828197151087073,-1.487323649214188,1,0
Pelipper,440,60,50,100,95,70,65,2,-0.008324919084902455,0.310448908254979,0,0
Ralts,198,28,25,25,45,35,40,1,-3.8117367181371717,-0.44137897029325796,1,0
Kirlia,278,38,35,35,65,55,50,1,-2.5257821628444286,-0.4801901424212427,1,0
Gardevoir,518,68,65,65,125,115,80,2,1.332081503033799,-0.5966236588051969,0,0
Mega Gardevoir,618,68,85,65,165,135,100,0,2.9077799245288656,-1.292540701310684,2,0
Surskit,269,40,30,32,50,52,65,1,-2.7064787345810855,-0.7533004899611548,1,0
Masquerain,454,70,60,62,100,82,80,2,0.2572602044392982,-0.6757038122589472,0,0
Shroomish,295,60,40,60,40,60,35,1,-2.2065011596985893,0.7044846571411372,1,0
Breloom,460,60,130,80,60,60,70,2,0.3000126596534115,0.03936288488965725,0,0
Slakoth,280,60,60,60,35,35,30,1,-2.4813194680067645,0.6512802018942739,1,0
Vigoroth,440,80,80,80,55,55,90,2,-0.0508013168510072,-0.3237429987850353,0,0
Slaking,670,150,160,100,95,65,100,0,3.6669610275060434,-0.26925503875746365,2,-1
Nincada,266,31,45,90,30,30,40,1,-2.8135457470296066,0.900068785585958,1,0
Ninjask,456,61,90,45,50,50,160,2,0.02949465806292472,-2.6734153270834913,0,-1
Shedinja,236,1,90,45,30,30,40,1,-3.278685582298254,-0.0805956580020464,1,-1
Whismur,240,64,51,23,51,23,28,1,-3.0865314966613693,-0.24410331097672558,1,0
Loudred,360,84,71,43,71,43,48,1,-1.1890175441443431,-0.29326059366955204,1,0
Exploud,490,104,91,63,91,73,68,2,0.8870216950397272,-0.25871684839220827,0,0
Makuhita,237,72,60,30,20,30,25,1,-3.109615507891833,0.3449945048301484,1,0
Hariyama,474,144,120,60,40,60,50,2,0.7118832132095527,0.621217725131335,0,0
Azurill,190,50,20,40,20,40,20,1,-3.8649275063230193,0.6734492244925108,1,0
Nosepass,375,30,45,135,45,90,30,1,-0.9928519505731694,2.33786312770009,1,-1
Skitty,260,50,45,45,35,35,50,1,-2.8460488495029215,-0.12556304829320739,1,0
Delcatty,400,70,65,65,55,55,90,2,-0.6820327976665305,-0.6376532899792751,0,0
Sableye,380,50,75,75,65,65,50,1,-0.9169173128946944,0.38847889293684196,0,0
Mega Sableye,480,50,85,125,85,115,20,2,0.7876187299593393,2.2507193852899166,0,0
Mawile,380,50,85,85,55,55,50,1,-0.9482686254270783,0.5882912682433348,0,0
Mega Mawile,480,50,105,125,55,95,50,2,0.6717610078756148,1.6740666626693201,0,0
Aron,330,50,70,100,40,40,30,1,-1.7379825626043275,1.363920646864744,1,0
Lairon,430,60,90,140,50,50,40,2,-0.18914336621314687,1.9047334435387135,1,0
Aggron,530,70,110,180,60,60,50,2,1.3596958301780333,2.445546240212683,0,-1
Mega Aggron,630,70,140,230,60,80,50,0,2.928521156648485,3.549499423223248,0,-1
Meditite,280,30,40,55,40,55,60,1,-2.553581410478872,-0.11760652717993819,1,0
Medicham,410,60,60,75,60,75,80,2,-0.4836053768990926,-0.13122328546590695,0,0
Mega Medicham,510,60,100,85,80,85,100,2,1.0607977293828412,-0.533720346135969,0,0
Electrike,295,40,45,40,65,40,65,1,-2.3269138240487797,-0.8552063525890017,1,0
Manectric,475,70,75,60,105,60,105,2,0.4856371832711702,-1.5319491395945048,0,0
Mega Manectric,575,70,75,80,135,80,135,0,2.0126937363166855,-1.97293560490379,2,0
Plusle,405,60,50,40,85,75,95,2,-0.5606892800319778,-1.3836012379844407,0,0
Minun,405,60,40,50,75,85,95,2,-0.5524465986031427,-1.0077349022919881,0,0
Volbeat,430,65,73,75,47,85,85,2,-0.1521507283558028,-0.023795346553006146,0,0
Illumise,430,65,47,75,73,85,85,2,-0.15229632138585483,-0.26717512352823014,0,0
Roselia,400,50,60,45,100,80,65,2,-0.5733461500953404,-0.739165201892908,0,0
Gulpin,302,70,43,53,43,53,40,1,-2.1001436636276276,0.4020893112047882,1,0
Swalot,467,100,73,83,73,83,55,2,0.546250690658387,0.6755531064104795,0,0
Carvanha,305,45,90,20,65,20,65,1,-2.177692006893353,-1.4041165248240175,1,0
Sharpedo,460,70,120,40,95,40,95,2,0.2567046178683521,-1.7692295357845873,0,0
Mega Sharpedo,560,70,140,70,110,65,105,0,1.833087832565527,-1.3772782976858213,2,0
Wailmer,400,130,70,35,70,35,60,2,-0.5280453806553824,-0.6161934654708171,0,-1
Wailord,500,170,90,45,90,45,60,2,1.1222473711853305,-0.4049435650745878,0,-1
Numel,305,60,60,40,65,45,35,1,-2.054387733039145,-0.05436427963455347,1,0
Camerupt,460,70,100,70,105,75,40,2,0.43123199151529795,0.2772254352794918,0,0
Mega Camerupt,560,70,120,100,145,105,20,0,2.0938054314849093,1.1605927289738498,0,-1
Torkoal,470,70,85,140,85,70,20,2,0.5498560673062597,2.2300045033594618,0,0
Spoink,330,60,25,35,70,80,60,1,-1.6461934616819165,-0.4688557254504122,1,0
Grumpig,470,80,45,65,90,110,80,2,0.5769637543175637,-0.24440618342533735,0,0
Spinda,360,60,60,60,60,60,60,1,-1.2385723714421417,-0.07870056354951718,1,0
Trapinch,290,45,100,45,45,45,10,1,-2.2550809163634065,0.7445073394828228,1,0
Vibrava,340,50,70,50,50,50,70,1,-1.6033706690084177,-0.5257067856419644,1,0
Flygon,520,80,100,80,80,80,100,2,1.2429002597671213,-0.5994427096812043,0,0
Cacnea,335,50,85,40,85,40,35,1,-1.6019471484849626,-0.3384373160870036,1,0
Cacturne,475,70,115,60,115,60,55,2,0.612967386085683,-0.4898541097543815,0,0
Swablu,310,45,40,60,40,75,50,1,-1.9975297768026283,0.42952569324117496,1,0
Altaria,490,75,70,90,70,105,80,2,0.8487411519729096,0.3557897692019353,0,0
Mega Altaria,590,75,110,110,110,105,80,0,2.4125794338182116,0.3265633187991916,0,0
Zangoose,458,73,115,60,60,60,90,2,0.2583870761938834,-0.7506900575359164,0,0
Seviper,458,73,100,60,100,60,65,2,0.3218561869837616,-0.5572691654671178,0,0
Lunatone,460,90,55,65,95,85,70,2,0.40792600492305003,-0.2399444810459653,0,0
Solrock,460,90,95,85,55,65,70,2,0.34533537449678414,0.346895482624885,0,0
Barboach,288,50,48,43,46,41,60,1,-2.412948214696259,-0.45381477065103065,1,0
Whiscash,468,110,78,73,76,71,60,2,0.5509558082884908,0.27347031702016467,0,0
Corphish,308,43,80,65,50,35,35,1,-2.078855474652251,0.4145287264549389,1,0
Crawdaunt,468,63,120,85,90,55,55,2,0.45345964197201477,0.16085242181300974,0,0
Baltoy,300,40,40,55,40,70,55,1,-2.1799569242453924,0.1592187789304853,1,0
Claydol,500,60,70,105,70,120,75,2,1.0118874007726206,0.8286224594168108,0,0
Lileep,355,66,41,77,61,87,23,1,-1.1817216931256056,1.3463083085708598,1,0
Cradily,495,86,81,97,81,107,43,2,1.0332488387642909,1.2884991214324137,0,0
Anorith,355,45,95,50,40,50,75,1,-1.3848277528610484,-0.5720916093989854,1,0
Armaldo,495,75,125,100,70,80,45,2,0.9561728315872136,1.1227829370369604,0,0
Feebas,200,20,15,20,10,55,80,1,-3.8472919123938403,-0.9761347423848459,1,0
Milotic,540,95,60,79,100,125,81,2,1.7194998053166433,0.07275512555140932,0,0
Castform,420,70,70,70,70,70,70,2,-0.28981539518362887,-0.10327920489593043,0,0
Mega Castform,420,70,70,70,70,70,70,2,-0.28981539518362887,-0.10327920489593043,0,0
Kecleon,440,60,90,70,60,120,40,2,0.18938009511548,1.063366503344048,0,0
Shuppet,295,44,75,35,63,33,45,1,-2.2785073694318108,-0.5249919467040819,1,0
Banette,455,64,115,65,83,63,65,2,0.2621064259405412,-0.30919430912462653,0,0
Mega Banette,555,64,165,75,93,83,75,0,1.8518397665490873,-0.30291625579896525,2,-1
Duskull,295,20,40,90,30,90,25,1,-2.211343035529107,1.7125430719157717,1,0
Dusclops,455,40,70,130,60,130,25,2,0.3883559266870837,2.5712728866774373,0,1
Tropius,460,99,68,83,72,87,51,2,0.45188280327511987,0.8100223889430893,0,0
Chimecho,455,75,50,80,95,90,65,2,0.3131828222124979,0.15135015731014462,0,0
Absol,465,65,130,60,75,60,75,2,0.3966417099345867,-0.5853120242782986,0,0
Mega Absol,565,65,150,60,115,60,115,0,1.8817916574149283,-1.9115640817173674,2,0
Wynaut,260,95,23,48,23,48,23,1,-2.693138041240673,0.9521492469563398,1,0
Snorunt,300,50,50,50,50,50,50,1,-2.187329347700653,-0.054121922203103974,1,0
Glalie,480,80,80,80,80,80,80,2,0.6589415810748841,-0.12785784624234364,0,0
Mega Glalie,580,80,120,80,120,80,100,0,2.195046008608732,-0.9998288491337903,2,0
Spheal,290,70,40,50,55,50,25,1,-2.254924953227198,0.5509844981991016,1,0
Sealeo,410,90,60,70,75,70,45,2,-0.3574110007101716,0.5018272155062752,0,0
Walrein,530,110,80,90,95,90,65,2,1.540102951806854,0.45266993281344864,0,0
Clamperl,345,35,64,85,74,55,32,1,-1.4786656892525027,0.7746308827665558,1,0
Huntail,485,55,104,105,94,75,52,2,0.7363048426373946,0.7168216956281106,0,0
Gorebyss,485,55,84,105,114,75,52,2,0.736192847998893,0.5296064825702456,0,0
Relicanth,485,100,90,130,45,65,55,2,0.7419153395289579,1.6843083465046087,0,0
Luvdisc,330,43,30,55,40,65,97,1,-1.8165548243758558,-0.8398028393955396,1,0
Bagon,300,45,75,60,40,30,50,1,-2.245344552901807,0.03773023459557549,1,0
Shelgon,420,65,95,100,60,50,50,2,-0.32009674607332683,0.8313175043914518,0,0
Salamence,600,95,135,80,110,80,100,0,2.5331592723653307,-0.8550734321059763,2,0
Mega Salamence,700,95,145,130,120,90,120,0,4.031177124482414,-0.3870358903649447,2,0
Beldum,300,40,55,80,35,60,30,1,-2.1650586046770575,1.1714262926128498,1,0
Metang,420,60,75,100,55,80,50,2,-0.2675446521600318,1.122269009920024,0,0
Metagross,600,80,135,130,95,90,70,0,2.5508197339854717,0.9661455696100362,0,0
Mega Metagross,700,80,145,150,105,110,110,0,4.0525110416427355,0.4852337900848042,2,-1
Regirock,580,80,100,200,50,100,50,2,2.2230944294861663,3.297961980970234,0,-1
Regice,580,80,50,100,100,200,50,0,2.5368875414062586,1.7678762605499676,0,-1
Registeel,580,80,75,150,75,150,50,0,2.379990985446213,2.5329191207601007,0,1
Latias,600,80,80,90,110,130,110,0,2.5744560173061224,-0.507647024388849,0,0
Mega Latias,700,80,100,120,140,150,110,0,4.166333977560871,-0.07298015890616041,2,-1
Latios,600,80,90,80,130,110,110,0,2.546360341577427,-1.0651479468032135,2,0
Mega Latios,700,80,130,100,160,120,110,0,4.130051617722591,-0.9127398104840453,2,0
Kyogre,670,100,100,90,150,140,90,0,3.7835491156209207,-0.290318128064308,2,0
Mega Kyogre,770,100,150,90,180,160,90,0,5.41025801448874,-0.4383465094932405,2,-1
Groudon,670,100,150,140,100,90,90,0,3.6267925529590017,0.7087437484681558,2,0
Mega Groudon,770,100,180,160,150,90,90,0,5.190574837485053,0.5859096915364798,2,-1
Rayquaza,680,105,150,90,150,90,95,0,3.83742069607909,-0.8284160065740885,2,2
Mega Rayquaza,780,105,180,100,180,100,115,0,5.381767805041774,-1.3245206737730826,2,-1
Jirachi,600,100,100,100,100,100,100,0,2.55645553359191,-0.17701512893517019,2,0
Deoxys,600,50,150,50,150,50,150,0,2.3191869694323786,-3.3913818269148233,2,-1
Mega Deoxys,600,50,180,20,180,20,150,0,2.2944589251458742,-4.51898083399218,2,-1
Turtwig,318,55,68,64,45,55,31,1,-1.8526727153955862,0.7523333458506263,1,0
Grotle,405,75,89,85,55,65,36,2,-0.4616482897521304,1.0831662976367946,0,0
Torterra,525,95,109,105,75,85,56,2,1.4358656627648956,1.034009014943968,0,0
Chimchar,309,44,58,44,58,44,61,1,-2.0856959341592325,-0.576031067903883,1,0
Monferno,405,64,78,52,78,52,81,2,-0.5789538978211538,-0.9535165402581907,0,0
Infernape,534,76,104,71,104,71,108,2,1.4317421474913736,-1.2818491671806587,0,0
Piplup,314,53,51,53,61,56,40,1,-1.9271788574241147,0.18703956057279844,1,0
Prinplup,405,64,66,68,81,76,50,2,-0.47105496077417336,0.24457236314796,1,0
Empoleon,530,84,86,88,111,101,60,2,1.5411428777838767,0.3707985151850975,0,0
Starly,245,40,55,30,30,30,60,1,-3.1158073459597873,-0.6746384341503054,1,0
Staravia,340,55,75,50,40,40,80,1,-1.641722013008369,-0.7273334482649894,1,0
Staraptor,485,85,120,70,50,60,100,2,0.6664024524203147,-0.65383152835624,0,0
Bidoof,250,59,45,40,35,40,31,1,-2.928306315974024,0.2931073503277636,1,0
Bibarel,410,79,85,60,55,60,71,2,-0.44683368476476115,-0.22763479580392304,0,0
Kricketot,194,37,25,41,25,41,25,1,-3.8312380694997015,0.4877442299998,1,0
Kricketune,384,77,85,51,55,51,65,1,-0.8543556679073318,-0.34210915523343316,1,0
Shinx,263,45,65,34,40,34,45,1,-2.781794992471333,-0.3024852337893365,1,0
Luxio,363,60,85,49,60,49,60,1,-1.1999592370567533,-0.3904829512962321,1,0
Luxray,523,80,120,79,95,79,70,2,1.3660478023634748,-0.08795619623636382,0,0
Budew,280,40,30,35,50,70,55,1,-2.474248875195463,-0.3142004210939086,1,0
Roserade,515,60,70,65,125,105,90,2,1.2282017460194514,-0.9423865619088787,0,0
Cranidos,350,67,125,40,30,30,58,1,-1.4185939324018295,-0.372761591164401,1,-1
Rampardos,495,97,165,60,65,50,58,2,0.9403450197822324,-0.07899763303036043,0,-1
Shieldon,350,30,42,118,42,88,30,1,-1.3738777431088627,2.0289609209272794,1,0
Bastiodon,495,60,52,168,47,138,30,2,1.009789253361705,3.4503238861386767,0,1
Burmy,224,40,29,45,29,45,36,1,-3.375705752340796,0.3123321853729145,1,0
Wormadam,424,60,59,85,79,105,36,2,-0.10161163205614462,1.1425969385714372,0,0
Mega Wormadam,424,60,79,105,59,85,36,2,-0.16431425712091174,1.5422216891844227,0,0
Mega Wormadam X,424,60,69,95,69,95,36,2,-0.13296294458852823,1.3424093138779298,0,0
Mothim,424,70,94,50,94,50,66,2,-0.23264094508372396,-0.8033290888720076,0,0
Combee,244,30,30,42,30,42,70,1,-3.161067185400002,-0.6025023678352788,1,0
Vespiquen,474,70,80,102,80,102,40,2,0.6698904810348002,1.364402561716663,0,0
Pachirisu,405,60,45,70,45,90,95,2,-0.5656007338971358,-0.29443509466762097,0,0
Buizel,330,55,65,35,60,30,85,1,-1.8156824450207545,-1.40316757638574,1,0
Floatzel,495,85,105,55,85,50,115,2,0.7843373637751714,-1.7058694979898197,0,0
Cherubi,275,45,35,45,62,53,35,1,-2.5411240488181797,0.09443360268770803,1,0
Cherrim,450,70,60,70,87,78,85,2,0.16389601597730993,-0.5456791994198767,0,0
Shellos,325,76,48,48,57,62,34,1,-1.6879979210358727,0.4034015819823198,1,0
Gastrodon,475,111,83,68,92,82,39,2,0.7444334516661898,0.6013655386828841,0,0
Ambipom,482,75,100,66,60,66,115,2,0.5833006401154616,-1.1515951282311414,0,0
Drifloon,348,90,50,34,60,44,70,1,-1.4148105666679718,-0.8268962338991278,1,0
Drifblim,498,150,80,44,90,54,80,2,1.0310579790115513,-0.8782912751603548,0,-1
Buneary,350,55,66,44,44,56,85,1,-1.45711335937142,-0.8583685878098338,1,0
Lopunny,480,65,76,84,54,96,105,2,0.6018244569941422,-0.2935932344991647,0,0
Mega Lopunny,580,65,136,94,54,96,135,0,2.101065320907215,-0.8240425895781525,2,-1
Mismagius,495,60,60,60,105,105,105,2,0.8784464576804663,-1.1843461098013823,0,0
Honchkrow,505,100,125,52,105,52,71,2,1.083096695262724,-0.8788567569737896,0,0
Glameow,310,49,55,42,42,37,85,1,-2.1355478251680564,-1.0523607557513794,1,0
Purugly,452,71,82,64,64,59,112,2,0.09770719227373116,-1.2243299825732035,0,0
Chingling,285,45,30,50,65,50,45,1,-2.419634053883968,-0.09440737834021617,1,0
Stunky,329,63,63,47,41,41,74,1,-1.784592560718898,-0.6132249904766356,1,0
Skuntank,479,103,93,67,71,61,84,2,0.6419950863175722,-0.46209425583367747,0,0
Bronzor,300,57,24,86,24,86,23,1,-2.079309489840444,1.8465752370408492,1,0
Bronzong,500,67,89,116,79,116,33,2,1.1077649223107071,1.9047164935219476,0,0
Bonsly,290,50,80,95,10,45,10,1,-2.3060695944129956,2.063225945501621,1,0
Mime Jr.,310,20,25,45,70,90,60,1,-2.010398522450477,-0.3374109983599421,1,0
Happiny,220,100,5,5,15,65,30,1,-3.2553943342491367,0.21972335604863208,1,-1
Chatot,411,76,65,45,92,42,91,2,-0.5044617886023054,-1.4904527205229496,0,0
Spiritomb,485,50,92,108,92,108,35,2,0.8346074506332685,1.4505074343125375,0,0
Gible,300,58,70,45,40,45,42,1,-2.1599978673137397,0.11196192286685105,1,0
Gabite,410,68,90,65,50,55,82,2,-0.5056414755743309,-0.421436312444503,0,0
Garchomp,600,108,130,95,80,85,102,0,2.538568774290713,-0.2324911848030739,2,0
Mega Garchomp,700,108,170,115,120,95,92,0,4.147681293143381,0.05344987226097352,2,0
Munchlax,390,135,85,40,40,85,5,2,-0.4464341340812324,1.4754122201097528,0,-1
Riolu,285,40,70,40,35,40,60,1,-2.4727355017640864,-0.4564873171424898,1,0
Lucario,525,70,110,70,115,70,90,2,1.3256251785338107,-1.0242169871632478,0,0
Mega Lucario,625,70,145,88,140,70,112,0,2.835819590873339,-1.4515875375690857,2,0
Hippopotas,330,68,72,78,38,42,32,1,-1.6888438989560763,0.9992692689525763,1,0
Hippowdon,525,108,112,118,68,72,47,2,1.4358588028945372,1.4938534330900461,0,0
Skorupi,330,40,50,90,30,55,65,1,-1.7995248884130894,0.5604786526245992,1,0
Drapion,500,70,90,110,60,75,95,2,0.8798310665664292,0.2088099516446489,0,0
Croagunk,300,48,61,40,61,40,50,1,-2.198324387136678,-0.4473223138743829,1,0
Toxicroak,490,83,106,65,86,65,85,2,0.796737763604912,-0.7133467767757978,0,0
Carnivine,454,74,100,72,90,72,46,2,0.31802502454840126,0.3123329464303703,0,0
Finneon,330,49,49,56,49,61,66,1,-1.738465333133804,-0.21178178192510194,1,0
Lumineon,460,69,69,76,69,86,91,2,0.31493678754658627,-0.3348217903811536,0,0
Mantyke,345,45,20,50,60,120,50,1,-1.3413959582548383,0.4290593093013458,1,0
Snover,334,60,62,50,62,60,40,1,-1.5887123311661944,0.1738746965010831,1,0
Abomasnow,494,90,92,75,92,85,60,2,0.961485916208434,0.19480183959951358,0,0
Mega Abomasnow,594,90,132,105,132,105,30,0,2.629739599224188,1.217282680374703,0,-1
Weavile,510,70,120,65,45,85,125,2,1.034255037051706,-1.122542062780647,0,0
Magnezone,535,70,70,115,130,90,60,2,1.5480487783632335,0.5625640633953681,0,0
Lickilicky,515,110,85,95,80,95,50,2,1.3444037153509976,1.081410426433538,0,0
Rhyperior,535,115,140,130,55,55,40,2,1.574520340765882,1.8815545045238666,0,0
Tangrowth,535,100,100,125,110,50,50,2,1.52404108636398,0.9386430618146667,0,-1
Electivire,540,75,123,67,95,85,95,0,1.5911364727089707,-0.8633567821633618,0,0
Magmortar,540,75,95,67,125,95,83,0,1.6413381657639305,-0.7835839888286057,0,0
Togekiss,545,85,50,95,120,115,80,2,1.7491923905734668,0.08896833063973845,0,0
Yanmega,515,86,76,86,116,56,95,2,1.1298344389376895,-0.8915026705400769,0,0
Leafeon,525,65,110,130,60,65,95,2,1.2267672723716996,0.47849835052089246,0,0
Glaceon,525,65,60,110,130,95,65,2,1.3854186279010796,0.3802841292776583,0,0
Gliscor,510,75,95,125,45,75,95,2,1.0280947786133625,0.6561762709858817,0,0
Mamoswine,530,110,130,80,70,60,80,2,1.4542464069940495,-0.11233453132441674,0,0
Porygon-Z,535,85,80,70,135,75,90,0,1.5147406591365267,-1.111944947402931,0,0
Gallade,518,68,125,65,65,115,80,2,1.3324174869493046,-0.034978019631603165,0,0
Mega Gallade,618,68,165,95,65,115,110,0,2.808437725120327,-0.17696387676951084,2,-1
Probopass,525,60,55,145,75,150,40,2,1.5108002058804462,2.6070035575147603,0,1
Dusknoir,525,45,100,135,65,135,45,2,1.4594317135219534,2.200968966202276,0,-1
Froslass,480,70,80,70,80,70,110,2,0.5605893855087233,-1.1314046338569648,0,0
Rotom,440,50,50,77,95,77,91,2,-0.047737917040993075,-0.7050970757837539,0,0
Mega Rotom,520,50,65,107,105,107,86,2,1.2593310754733706,0.12703415103230323,0,0
Uxie,580,75,75,130,75,130,95,0,2.242103141418498,0.9263360513860769,0,0
Mesprit,580,80,105,105,105,105,80,0,2.266551194915073,0.30051043811603056,0,0
Azelf,580,75,125,70,125,70,115,0,2.141748570111234,-1.6895354107873266,2,0
Dialga,680,100,120,120,150,100,90,0,3.8282584787718443,-0.06405675414741584,2,0
Palkia,680,90,120,100,150,120,100,0,3.8518620670720405,-0.5434732956060152,2,0
Heatran,600,91,90,106,130,106,77,0,2.6074367919227526,0.19806067273921016,0,0
Regigigas,670,110,160,110,80,110,100,0,3.689586031521363,0.30204362435621523,2,0
Giratina,680,150,100,120,100,120,90,0,3.9368014162109053,0.7793676220315415,2,2
Mega Giratina,680,150,120,100,120,100,90,0,3.920316053353237,0.027634950646636573,2,2
Cresselia,600,120,70,120,75,130,85,0,2.6584493348825813,1.129992070077232,0,0
Phione,480,80,80,80,80,80,80,2,0.6589415810748841,-0.12785784624234364,0,0
Manaphy,600,100,100,100,100,100,100,0,2.55645553359191,-0.17701512893517019,2,0
Darkrai,600,70,90,90,135,90,125,0,2.44317838466911,-1.4743512290234826,2,0
Shaymin,600,100,100,100,100,100,100,0,2.55645553359191,-0.17701512893517019,2,0
Mega Shaymin,600,100,103,75,120,75,127,0,2.467088280607215,-1.683156588541125,2,0
Arceus,720,120,120,120,120,120,120,0,4.453969486108935,-0.22617241162799623,2,-1
Victini,600,100,100,100,100,100,100,0,2.55645553359191,-0.17701512893517019,2,0
Snivy,308,45,45,55,45,55,63,1,-2.0962126829600263,-0.1848654399059136,1,0
Servine,413,60,60,75,60,75,83,2,-0.4436300620011877,-0.20066322931489317,0,0
Serperior,528,75,75,95,75,95,113,2,1.3422036086173335,-0.4479274982204935,0,0
Tepig,308,65,63,45,45,45,45,1,-2.0310727522688183,0.02146173328276095,1,0
Pignite,418,90,93,55,70,55,55,2,-0.26815763649252655,-0.10535836402659762,0,0
Emboar,528,110,123,65,100,65,65,2,1.487862584935981,-0.2989155029152555,0,0
Oshawott,308,55,55,45,63,45,45,1,-2.0449073388197885,-0.1868984350989845,1,0
Dewott,413,75,75,60,83,60,60,2,-0.3768405428738326,-0.257125890402451,0,0
Samurott,528,95,100,85,108,70,70,2,1.4411563527509808,-0.11469457868223747,0,0
Patrat,255,45,55,39,35,39,42,1,-2.8970131114980373,-0.042949145982719455,1,0
Watchog,420,60,85,69,60,69,77,2,-0.3221459256703816,-0.23676231700468509,0,0
Lillipup,275,45,60,45,25,45,55,1,-2.6077089363749444,-0.08392089185724856,1,0
Herdier,370,65,80,65,35,65,60,1,-1.0687438507146272,0.3120551034465977,0,0
Stoutland,500,85,110,90,45,90,80,2,0.9916477308628769,0.4933088396416541,0,0
Purrloin,281,41,50,37,50,37,66,1,-2.5526797837288324,-0.8121436334971404,1,0
Liepard,446,64,88,50,88,50,106,2,0.006445655685183314,-1.6891636149178737,0,0
Pansage,316,50,53,48,53,48,64,1,-1.9706863562575034,-0.4635742117343185,1,0
Simisage,498,75,98,63,98,63,101,2,0.8702652446051834,-1.2809064371632999,0,0
Pansear,316,50,53,48,53,48,64,1,-1.9706863562575034,-0.4635742117343185,1,0
Simisear,498,75,98,63,98,63,101,2,0.8702652446051834,-1.2809064371632999,0,0
Panpour,316,50,53,48,53,48,64,1,-1.9706863562575034,-0.4635742117343185,1,0
Simipour,498,75,98,63,98,63,101,2,0.8702652446051834,-1.2809064371632999,0,0
Munna,292,76,25,45,67,55,24,1,-2.1967548383187276,0.43132173423622217,1,0
Musharna,487,116,55,85,107,95,29,2,0.9731661032199973,1.1474657993115513,0,0
Pidove,264,50,55,50,36,30,43,1,-2.7804327202673633,0.0754465636452237,1,0
Tranquill,358,62,77,62,50,42,65,1,-1.3182105509375923,-0.2094269494402506,1,0
Unfezant,488,80,115,80,65,55,93,2,0.7033953043166068,-0.5062573341655965,0,0
Blitzle,295,45,60,32,50,32,76,1,-2.3545372436988394,-1.1705232678127777,1,0
Zebstrika,497,75,100,63,80,63,116,2,0.8162773507710624,-1.4526909410996574,0,0
Roggenrola,280,55,75,85,25,25,15,1,-2.4987372854937164,1.46321775325246,1,0
Boldore,390,70,105,105,50,40,20,2,-0.738529155461087,1.6483466820173698,1,0
Gigalith,515,85,135,130,60,80,25,2,1.3035427410960831,2.284581417209184,0,0
Woobat,323,65,45,43,55,43,72,1,-1.8634621999525651,-0.7483659710523797,1,0
Swoobat,425,67,57,55,77,55,114,2,-0.3389904681588702,-1.6057338623165371,0,0
Drilbur,328,60,85,40,30,45,68,1,-1.7731915682312493,-0.48625108689932905,1,0
Excadrill,508,110,135,60,50,65,88,2,1.1178934965333451,-0.4417646530400107,0,0
Audino,445,103,60,86,60,86,50,2,0.21643601252240138,1.0169679151631341,0,0
Mega Audino,545,103,60,126,80,126,50,2,1.836353651186593,1.9155280965312547,0,-1
Timburr,305,75,80,55,25,35,35,1,-2.070775522984811,0.5831865046885073,1,0
Gurdurr,405,85,105,85,40,50,40,2,-0.48771689387855105,1.0405475028608657,0,0
Conkeldurr,505,105,140,95,55,65,45,2,1.1322961523460782,1.1493114797218111,0,0
Tympole,294,50,50,40,50,40,64,1,-2.3264211416595537,-0.651781818216274,1,0
Palpitoad,384,75,65,55,65,55,69,1,-0.8640746458687134,-0.4216427763324154,1,0
Seismitoad,509,105,95,75,85,75,74,2,1.164753102907977,-0.09238576759626262,0,0
Throh,465,120,100,85,30,85,45,2,0.5693279807951845,1.4422562312952998,0,0
Sawk,465,75,125,75,30,75,85,2,0.3974302753851573,0.07203624820303312,0,0
Sewaddle,310,45,53,70,40,60,42,1,-2.018453793123166,0.6734293937412946,1,0
Swadloon,380,55,63,90,50,80,42,1,-0.8773046030418808,1.1539240566094031,0,0
Leavanny,500,75,103,80,70,80,92,2,0.9390145740467439,-0.33540401520243746,0,0
Venipede,260,30,45,59,30,39,57,1,-2.8996581408418516,-0.010355326743794897,1,0
Whirlipede,360,40,55,99,40,79,47,1,-1.2404734734553382,1.2488194650567361,0,0
Scolipede,485,60,100,89,55,69,112,2,0.597224990115391,-0.6246055507057392,0,0
Cottonee,280,40,27,60,37,50,66,1,-2.5708208188486474,-0.1328397005670977,1,0
Whimsicott,480,60,67,85,77,75,116,2,0.5240690784958957,-0.9441120313399383,0,0
Petilil,280,45,35,50,70,50,30,1,-2.460810337346681,0.2016625854174392,1,0
Lilligant,480,70,60,75,110,75,90,2,0.6154692156592686,-0.8168170343143792,0,0
Basculin,460,70,92,65,80,55,98,2,0.24981515513255395,-1.079340441457512,0,0
Mega Basculin,460,70,92,65,80,55,98,2,0.24981515513255395,-1.079340441457512,0,0
Sandile,292,50,72,35,35,35,65,1,-2.3647238696754327,-0.6743486352874547,1,0
Krokorok,351,60,82,45,45,45,74,1,-1.4292919983828871,-0.6757806286842056,1,0
Krookodile,519,95,117,80,65,70,92,2,1.2482969088826243,-0.30511354809495445,0,0
Darumaka,315,70,90,45,15,45,50,1,-1.9256666818557784,0.2056193609915193,1,0
Mega Darumaka,315,70,90,45,15,45,50,1,-1.9256666818557784,0.2056193609915193,1,0
Darmanitan,480,105,140,55,30,55,95,2,0.6348734757978451,-0.6065112358430309,0,0
Mega Darmanitan,540,105,30,105,140,105,55,2,1.72946962405963,0.6577051339147013,0,-1
Maractus,461,75,86,67,106,67,60,2,0.39065713266349067,-0.29560684567401696,0,0
Dwebble,325,50,65,85,35,35,55,1,-1.8734948380385685,0.5096749945037863,1,0
Crustle,485,70,105,125,65,75,45,2,0.7516813642043758,1.5955453365392631,0,0
Scraggy,348,50,75,70,35,70,48,1,-1.4038807450023678,0.6754704807026112,0,0
Scrafty,488,65,90,115,45,115,58,2,0.850222838819334,1.6241230119608754,0,0
Sigilyph,490,72,58,80,103,80,97,2,0.7632427357805083,-0.7655133711509103,0,0
Yamask,303,38,30,85,55,65,30,1,-2.116205528630099,1.116069363143969,1,0
Mega Yamask,303,38,55,85,30,65,30,1,-2.1160655353319724,1.3500883794663001,1,0
Cofagrigus,483,58,50,145,95,105,30,2,0.7776733898976601,2.261003164872164,0,0
Tirtouga,355,54,78,103,53,45,22,1,-1.308943921702337,1.5313579050786756,1,0
Carracosta,495,74,108,133,83,65,32,2,0.9198375400240363,1.8013133876556493,0,0
Archen,401,55,112,45,74,45,70,2,-0.6324889418539953,-0.8979494761374663,0,0
Archeops,567,75,140,65,112,65,110,0,1.9441198679924772,-1.5897808853549171,2,0
Trubbish,329,50,50,62,40,62,65,1,-1.7553531493993677,0.024940106965188183,1,0
Garbodor,474,80,95,82,60,82,75,2,0.5781925587368174,0.2319749476188162,0,0
Zorua,330,40,65,40,80,40,65,1,-1.7714488061251314,-1.0107585951622333,1,0
Zoroark,510,60,105,60,120,60,105,2,1.0273684098185003,-1.727367858797404,0,0
Minccino,300,55,50,40,40,40,75,1,-2.2522862388697105,-0.7906911247073861,1,0
Cinccino,470,75,95,60,65,60,115,2,0.38788668336636284,-1.3625630263263482,0,0
Gothita,290,45,30,50,55,65,45,1,-2.3105184162505843,0.12907772236678103,1,0
Gothorita,390,60,45,70,75,85,55,2,-0.7118506987678364,0.29577963307855115,1,0
Gothitelle,490,70,55,95,95,110,65,2,0.8840434650815447,0.5836776700572477,0,0
Solosis,290,45,30,40,105,50,20,1,-2.2651904853798457,-0.09738121135336263,1,0
Duosion,370,65,40,50,125,60,30,1,-0.9852991356913943,-0.18435288704465982,1,0
Reuniclus,490,110,65,75,125,85,30,2,1.0017091120132267,0.6487816540239287,0,0
Ducklett,305,62,44,50,44,50,55,1,-2.1041896748276816,-0.0658508260784543,1,0
Swanna,473,75,87,63,87,63,98,2,0.4811492894482965,-1.0989810312423074,0,0
Vanillite,305,36,50,50,65,60,44,1,-2.0921931657664974,-0.02819807883217495,1,0
Vanillish,395,51,65,65,80,75,59,2,-0.6690577013787284,-0.06506604085179468,1,0
Vanilluxe,535,71,95,85,110,95,79,2,1.5458568331919178,-0.2164828345191724,0,0
Deerling,335,60,60,50,40,50,75,1,-1.6816836451694421,-0.5036399900088657,1,0
Sawsbuck,475,80,100,70,60,70,95,2,0.5332868867204547,-0.5614491771473111,0,0
Emolga,428,55,75,60,75,60,103,2,-0.27572302535645143,-1.2451659540502416,0,0
Karrablast,315,50,75,45,40,45,60,1,-1.9787514979332943,-0.33527313586395713,1,0
Escavalier,495,70,135,105,60,105,20,2,1.0567423693011972,2.0814919484033063,0,0
Foongus,294,69,55,45,55,55,15,1,-2.1516261215376837,0.7193056125320421,1,0
Amoonguss,464,114,85,70,85,80,30,2,0.5906397226012322,0.9092767819890694,0,0
Frillish,335,55,40,50,65,85,40,1,-1.530230704629961,0.3454940314877384,1,0
Jellicent,480,100,60,70,85,105,60,2,0.7984384505439495,0.3851880598120562,0,0
Alomomola,470,165,75,80,40,45,65,2,0.5861008779721537,0.6223799436836538,0,-1
Joltik,319,50,47,50,57,50,65,1,-1.9240006554600309,-0.4685773469074114,1,0
Galvantula,472,70,77,60,97,60,108,2,0.43042032221261467,-1.5239074268866595,0,0
Ferroseed,305,44,50,91,24,86,10,1,-1.9904840181871737,2.184984401252102,1,0
Ferrothorn,489,74,94,131,54,116,20,2,0.9586223936454188,2.758030899841901,0,0
Klink,300,40,55,70,45,60,30,1,-2.1535042891252822,0.8835869371133775,1,0
Klang,440,60,80,95,70,85,50,2,0.06553158615978039,0.9201033112922259,0,0
Klinklang,520,60,100,115,70,85,90,2,1.2102283178022042,0.36539708235558577,0,0
Tynamo,275,35,55,40,45,40,60,1,-2.6383866844579313,-0.5657022097634462,1,0
Eelektrik,405,65,85,70,75,70,40,2,-0.4583710039808088,0.5178942636804175,0,0
Eelektross,515,85,115,80,105,80,50,2,1.2976492174476986,0.3243371247917593,0,0
Elgyem,335,55,55,55,85,55,30,1,-1.5700616066190514,0.2184542796100156,1,0
Beheeyem,485,75,75,75,125,95,40,2,0.8685964543067505,0.3722984148506668,0,0
Litwick,275,50,30,55,65,55,20,1,-2.5037090057605695,0.6388324949637145,1,0
Lampent,370,60,40,60,95,60,55,1,-1.0673014523597082,-0.2970828749866842,1,0
Chandelure,520,60,55,90,145,90,80,2,1.274209858602443,-0.5510853216674562,0,0
Axew,320,46,87,60,30,40,57,1,-1.9244956681101708,0.05570119544316758,1,0
Fraxure,410,66,117,70,40,50,67,2,-0.4858200314160322,0.058011174057992915,0,0
Haxorus,540,76,147,90,60,70,97,2,1.5312111793843581,-0.26247906476112154,0,0
Cubchoo,305,55,70,40,60,40,40,1,-2.083863748571361,-0.18507746841831643,1,0
Beartic,505,95,130,80,70,80,50,2,1.15285070975496,0.6961561764954993,0,0
Cryogonal,515,80,50,50,95,135,105,2,1.294427920938078,-0.949808262850335,0,0
Shelmet,305,50,40,85,40,65,25,1,-2.0551567050489776,1.4170256180853122,1,0
Accelgor,495,80,70,40,100,60,145,2,0.7381672183150252,-2.750956371182316,0,0
Stunfisk,471,109,66,84,81,99,32,2,0.7111694368596503,1.317506025200498,0,0
Mega Stunfisk,471,109,81,99,66,84,32,2,0.6641424680610746,1.6172245881602367,0,0
Mienfoo,350,45,85,50,55,50,65,1,-1.43879865365639,-0.48319951580716813,1,0
Mienshao,510,65,125,60,95,60,105,2,1.0343752988047874,-1.4734156041602393,0,0
Druddigon,485,77,120,90,60,90,48,2,0.8240114353389009,1.0543428641549315,0,0
Golett,303,59,74,50,35,50,35,1,-2.089050592537032,0.4615823218008688,1,0
Golurk,483,89,124,80,55,80,55,2,0.7827535735845101,0.7085945315643727,0,0
Pawniard,340,45,85,70,40,40,60,1,-1.6277219500732325,0.07554462759404637,1,0
Bisharp,490,65,125,100,60,70,70,2,0.7796407956394369,0.5228087446701225,0,0
Bouffalant,490,95,110,95,40,95,55,2,0.9144676733340589,1.293285754524885,0,0
Rufflet,350,70,83,50,37,50,60,1,-1.3916247600275655,-0.10146936884401614,1,0
Braviary,510,100,123,75,57,75,80,2,1.1586294846663128,0.013065380783346554,0,0
Vullaby,370,70,55,75,45,65,60,1,-1.0735432652167443,0.4326124842030392,1,0
Mandibuzz,510,110,65,105,55,95,80,2,1.1771375308546244,0.8304025860163805,0,0
Heatmor,484,85,97,66,105,66,65,2,0.7559143016262011,-0.39812543505717596,0,0
Durant,484,58,109,112,48,48,109,2,0.5180103597403467,-0.23660240383001074,0,0
Deino,300,52,65,50,45,50,38,1,-2.153981902733663,0.27322380911586885,1,0
Zweilous,420,72,85,70,65,70,58,2,-0.25646795021663665,0.22406652642304253,0,0
Hydreigon,600,92,105,90,125,90,98,0,2.542237271088494,-0.6797579502699926,2,0
Larvesta,360,55,85,55,50,55,60,1,-1.2494766118658422,-0.14615555991717866,1,0
Volcarona,550,85,60,65,135,105,100,0,1.7925520010167688,-1.1786093369172872,2,0
Cobalion,580,91,90,129,90,72,108,0,2.1172112484065218,0.024448658727855125,2,0
Terrakion,580,91,129,90,72,90,108,0,2.198226858343267,-0.40611290615781015,2,0
Virizion,580,91,90,72,90,129,108,0,2.296232914560838,-0.5809185233042394,0,0
Tornadus,580,79,115,70,125,80,111,0,2.177229979653072,-1.4947056290329557,2,0
Mega Tornadus,580,79,100,80,110,90,121,0,2.1600234197147796,-1.2991760173498481,2,0
Thundurus,580,79,115,70,125,80,111,0,2.177229979653072,-1.4947056290329557,2,0
Mega Thundurus,580,79,105,70,145,80,101,0,2.202595225041322,-1.4547803148170093,2,0
Reshiram,680,100,120,100,150,120,90,0,3.891073098475111,-0.2764662917025368,2,0
Zekrom,680,100,150,120,120,100,90,0,3.8284264707295956,0.21676606543938098,2,0
Landorus,600,89,125,90,115,80,101,0,2.510732962006214,-0.7542794251050834,2,0
Mega Landorus,600,89,145,90,105,80,91,0,2.536266199352217,-0.4335312913023399,2,0
Kyurem,660,125,130,90,130,90,95,0,3.547543694097358,-0.5528159358112704,2,2
Mega Kyurem,700,125,170,100,120,90,95,0,4.170902537291329,-0.28228038920303616,2,0
Mega Kyurem X,700,125,120,90,170,100,95,0,4.202029860546706,-0.8565231906252577,2,2
Keldeo,580,91,72,90,129,90,108,0,2.1979076736235377,-0.9396762633727246,2,0
Mega Keldeo,580,91,72,90,129,90,108,0,2.1979076736235377,-0.9396762633727246,2,0
Meloetta,600,100,77,77,128,128,90,0,2.6639112922738244,-0.4122333780342689,2,0
Mega Meloetta,600,100,128,90,77,77,128,0,2.4513252751669024,-0.9944049136996908,2,0
Genesect,600,71,120,95,120,95,99,0,2.5149699259099676,-0.5982584360734485,2,0
Chespin,313,56,61,65,48,45,38,1,-1.9694723765833861,0.5027985132787244,1,0
Quilladin,405,61,78,95,56,58,57,2,-0.5598516122245334,0.6736102252628178,0,0
Chesnaught,530,88,107,122,74,75,64,2,1.4457054324938603,1.0737548370825791,0,0
Fennekin,307,40,45,40,62,60,60,1,-2.084090463254688,-0.5426909892748283,1,0
Braixen,409,59,59,58,90,70,73,2,-0.47334647555395537,-0.6308092517481301,0,0
Delphox,534,75,69,72,114,100,104,2,1.496753927001857,-1.0138857930063376,2,0
Froakie,314,41,56,40,62,44,71,1,-2.031307440534953,-0.932430256477788,1,0
Frogadier,405,54,63,52,83,56,97,2,-0.6255604731076577,-1.3684008717132299,0,0
Greninja,530,72,95,67,103,71,122,2,1.331738903909154,-1.6823940540620599,0,0
Mega Greninja,640,72,145,67,153,71,132,0,3.051992863836939,-2.4251580884314374,2,0
Bunnelby,237,38,36,38,32,36,57,1,-3.2353148155484783,-0.42152874352941433,1,0
Diggersby,423,85,56,77,50,77,78,2,-0.23613533971941203,0.15830662603500723,0,0
Fletchling,278,45,50,43,40,38,62,1,-2.5895443487788383,-0.4850936923383516,1,0
Fletchinder,382,62,73,55,56,52,84,1,-0.9577787941422001,-0.7554760445989926,0,0
Talonflame,499,78,81,71,74,69,126,2,0.8292894523775888,-1.404370564619551,0,0
Scatterbug,200,38,35,40,27,25,35,1,-3.7906303199226854,0.08300691454366191,1,0
Spewpa,213,45,22,60,27,30,29,1,-3.572705672602589,0.6740510146966336,1,0
Vivillon,411,80,52,50,90,50,89,2,-0.4838291834336031,-1.2428190444708809,0,0
Litleo,369,62,50,58,73,54,72,1,-1.1331717726103756,-0.5605416843501936,1,0
Pyroar,507,86,68,72,109,66,106,2,1.0109174762826336,-1.2562686325585457,0,0
Flabébé,303,44,38,39,61,79,42,1,-2.0574483052483945,0.04102777948152322,1,0
Floette,371,54,45,47,75,98,52,1,-0.9615917363116793,0.015923266124863243,1,0
Florges,552,78,65,68,112,154,75,0,1.97202809023547,0.06536947983521865,0,0
Skiddo,350,66,65,48,62,57,52,1,-1.360696517394187,-0.14695001765818716,1,0
Gogoat,531,123,100,62,97,81,68,2,1.5808669168491576,-0.2058731015693891,0,0
Pancham,348,67,82,62,46,48,43,1,-1.402121419760947,0.4048006318271379,1,0
Pangoro,495,95,124,78,69,71,58,2,0.9582509930707027,0.4100598355843632,0,0
Furfrou,472,75,80,60,65,90,102,2,0.5121437442802568,-0.8040645907360167,0,0
Espurr,355,62,48,54,63,60,68,1,-1.3286221615046583,-0.39489804527223177,1,0
Meowstic,466,74,48,76,83,81,104,2,0.37394335027457265,-0.7878309480929554,0,0
Mega Meowstic,466,74,48,76,83,81,104,2,0.37394335027457265,-0.7878309480929554,0,0
Honedge,325,45,80,100,35,37,28,1,-1.8250292555649115,1.4119741993226487,1,0
Doublade,448,59,110,150,45,49,35,2,0.09437078218872101,2.2387631997273036,1,0
Aegislash,500,60,50,140,50,140,60,2,1.049173154363881,2.212413545168242,0,1
Mega Aegislash,500,60,140,50,140,50,60,2,0.9749890215043658,-1.1703834760638285,2,0
Spritzee,341,78,52,60,63,65,23,1,-1.4112878099754824,0.8576295626581334,1,0
Aromatisse,462,101,72,72,99,89,29,2,0.5590046983387986,0.8680495883697296,0,0
Swirlix,341,62,48,66,59,57,49,1,-1.5222840866265508,0.28683833697827005,1,0
Slurpuff,480,82,80,86,85,75,72,2,0.6651774464990042,0.08754962692400681,0,0
Inkay,288,53,54,53,37,46,45,1,-2.3722736340366306,0.22134804819165535,1,0
Malamar,482,86,92,88,68,75,73,2,0.6976420298526654,0.27789625529722367,0,0
Binacle,306,42,52,67,39,56,50,1,-2.1108771436310505,0.39736785370700844,1,0
Barbaracle,500,72,105,115,54,86,68,2,0.9673715115486337,1.0801727872247797,0,0
Skrelp,320,50,60,60,60,60,30,1,-1.8107876014839444,0.5801583505334874,1,0
Dragalge,494,65,75,90,97,123,44,2,1.0257001423705947,1.0376068365881106,0,0
Clauncher,330,50,53,62,58,63,44,1,-1.684099211851135,0.34181162528513026,1,0
Clawitzer,500,71,73,88,120,89,59,2,1.0258450099739735,0.16478478285472503,0,0
Helioptile,289,44,38,33,61,43,70,1,-2.4153071842918896,-1.0223455418502663,1,0
Heliolisk,481,62,55,52,109,94,109,2,0.6362718690744682,-1.5508308122733225,0,0
Tyrunt,362,58,89,77,45,45,48,1,-1.2283498151207952,0.5235944961624079,0,0
Tyrantrum,521,82,121,119,69,59,71,2,1.248611526283509,0.7424210492781758,0,0
Amaura,362,77,59,50,67,63,46,1,-1.130300918285927,0.07285501497679178,1,0
Aurorus,521,123,77,72,99,92,58,2,1.4577710515332694,0.29793328380426304,0,0
Sylveon,525,95,65,65,110,130,60,2,1.5610065140336595,0.23472059616942836,0,0
Hawlucha,500,78,92,75,74,63,118,2,0.8490217500308587,-1.1982142265503553,0,0
Dedenne,431,67,58,57,81,67,101,2,-0.18922114743740454,-1.2060110647801574,0,0
Carbink,500,50,50,150,50,150,50,2,1.0691032871239017,2.6819463249759066,0,1
Goomy,300,45,50,35,55,75,40,1,-2.101839040263626,0.035001390518046446,1,0
Sliggoo,452,68,75,53,83,113,60,2,0.3456374359467913,0.028677133031239508,0,0
Goodra,600,90,100,70,110,150,80,0,2.727436148465969,0.0012314965071308392,0,0
Klefki,470,57,80,91,80,87,75,2,0.4824507449645913,0.1736192833718169,0,0
Phantump,309,43,70,48,50,60,38,1,-2.001395793359368,0.23582745028304541,1,0
Trevenant,474,85,110,76,65,82,56,2,0.6404043995387962,0.5201323351071008,0,0
Pumpkaboo,335,49,66,70,44,55,51,1,-1.6489899657986318,0.3926780965816447,1,0
Mega Pumpkaboo,335,44,66,70,44,55,56,1,-1.6685954815001676,0.2591745946299055,1,0
Gourgeist,494,65,90,122,58,75,84,2,0.7918309851144564,0.693126484735128,0,0
Mega Gourgeist,494,55,85,122,58,75,99,2,0.7398813336980086,0.31254921719474427,0,0
Bergmite,304,55,69,85,32,35,28,1,-2.1311520034239155,1.18005443808449,1,0
Avalugg,514,95,117,184,44,46,28,2,1.163844647968925,3.1560702131100675,0,-1
Noibat,245,40,30,35,45,40,55,1,-3.0891608813801916,-0.5163367256285485,1,0
Noivern,535,85,70,80,97,80,123,2,1.4291667424806764,-1.2675545435295352,0,0
Xerneas,680,126,131,95,131,98,99,0,3.8662095980142097,-0.49016070551668656,2,2
Yveltal,680,126,131,95,131,98,99,0,3.8662095980142097,-0.49016070551668656,2,2
Zygarde,600,108,100,121,81,95,95,0,2.5460074260934595,0.5101759511520852,2,0
Mega Zygarde,486,54,100,71,61,85,115,2,0.6497545321954873,-0.982038733843528,0,0
Mega Zygarde X,708,216,100,121,91,95,85,0,4.434019144278704,1.0275465354910274,0,-1
Diancie,600,50,100,150,100,150,50,0,2.656106197392004,2.17064877010315,0,-1
Mega Diancie,700,50,160,110,160,110,110,0,4.057442933741998,-0.926134471595486,2,-1
Hoopa,600,80,110,60,150,130,70,0,2.710971926749206,-0.5562105883209544,2,-1
Mega Hoopa,680,80,160,60,170,130,80,0,3.955209009575436,-1.005173946435106,2,-1
Volcanion,600,80,110,120,130,90,70,0,2.5622340562391184,0.4442871977882329,0,0
Rowlet,320,68,55,55,50,50,42,1,-1.83057530826452,0.28781412758899694,1,0
Dartrix,420,78,75,75,70,70,52,2,-0.2387744864699321,0.4345827999859334,0,0
Decidueye,530,78,107,75,100,100,70,2,1.5206006670167809,-0.03859750256568859,0,0
Litten,320,45,65,40,60,40,70,1,-1.9359368254982825,-0.9128544552036315,1,0
Torracat,420,65,85,50,80,50,90,2,-0.36406613646371244,-1.2356185626143588,0,0
Incineroar,530,95,115,90,80,90,60,2,1.5323248807346286,0.6468518912992519,0,0
Popplio,320,50,54,54,66,56,40,1,-1.837251050971876,0.14510341788280037,1,0
Brionne,420,60,69,69,91,81,50,2,-0.22977457291109582,0.19196590262649058,1,0
Primarina,530,80,74,74,126,116,60,2,1.5815152987448227,0.07455653647054554,0,0
Pikipek,265,35,75,30,30,30,65,1,-2.8179562822884527,-0.8167938405476636,1,0
Trumbeak,355,55,85,50,40,50,75,1,-1.3710939614847302,-0.5322251327693183,1,0
Toucannon,485,80,120,75,75,75,60,2,0.7851948625764404,0.22993467087658004,0,0
Yungoos,253,48,70,30,30,30,45,1,-2.9396218210694554,-0.3054952237141027,1,0
Gumshoos,418,88,110,60,55,60,45,2,-0.24124981670736906,0.3953496422964387,0,0
Grubbin,300,47,62,45,55,45,46,1,-2.185379929817266,-0.16315882212870583,1,0
Charjabug,400,57,82,95,55,75,36,2,-0.5575465749631368,1.2958283449783177,0,0
Vikavolt,500,77,70,90,145,75,43,2,1.0446710171973843,0.2337190736722287,0,0
Crabrawler,338,47,82,57,42,47,63,1,-1.6354239165883724,-0.19336295365000478,1,0
Crabominable,478,97,132,77,62,67,43,2,0.7226569495374894,0.7769893981957962,0,0
Oricorio,476,75,70,70,98,70,93,2,0.5471754781931361,-0.8920958100396061,0,0
Mega Oricorio,476,75,70,70,98,70,93,2,0.5471754781931361,-0.8920958100396061,0,0
Cutiefly,304,40,45,40,55,40,84,1,-2.2324091220625673,-1.1970591048808392,1,0
Ribombee,464,60,55,60,95,70,124,2,0.2687485114888037,-1.8169894838774108,0,0
Rockruff,280,45,65,40,30,40,60,1,-2.5452047522595205,-0.3875872994517851,1,0
Mega Rockruff,280,45,65,40,30,40,60,1,-2.5452047522595205,-0.3875872994517851,1,0
Lycanroc,487,75,115,65,55,65,112,2,0.6695172872153716,-1.0670380158122887,0,0
Mega Lycanroc,487,85,115,75,55,75,82,2,0.7678694827815326,-0.06349122819766814,0,0
Mega Lycanroc X,487,75,117,65,55,65,110,2,0.6746127352207225,-1.0216099103575265,0,0
Wishiwashi,175,45,20,20,25,25,40,1,-4.167344184982827,-0.3615839115307473,1,0
Mega Wishiwashi,620,45,140,130,140,135,30,0,3.0109515021243527,1.7014102875440402,0,-1
Mareanie,305,50,53,62,43,52,45,1,-2.1051603607696934,0.37349418469589385,1,0
Toxapex,495,50,63,152,53,142,35,2,1.009778542966344,2.965162575679072,0,1
Mudbray,385,70,100,70,45,55,45,2,-0.8112268111920591,0.5816914921012919,0,0
Mudsdale,500,100,125,100,55,85,35,2,1.1053311893671602,1.6318515796634236,0,0
Dewpider,269,38,40,52,40,72,27,1,-2.5959826152162693,0.7599852832093665,1,0
Araquanid,454,68,70,92,50,132,42,2,0.41576099115192067,1.6703250765767834,0,-1
Fomantis,250,40,55,35,50,35,35,1,-2.9687687536333978,-0.155035940553287,1,0
Lurantis,480,70,105,90,80,90,45,2,0.742564813901784,0.9095262517498482,0,0
Morelull,285,40,35,55,65,75,15,1,-2.3063818934758578,0.8842642901341029,1,0
Shiinotic,405,60,45,80,90,100,30,2,-0.39206397755028877,1.0430028323954768,0,0
Salandit,320,48,44,40,71,40,77,1,-1.94971235315529,-1.1628612484882244,1,0
Salazzle,480,68,64,60,111,60,117,2,0.531648283415471,-1.8708186076777755,0,0
Stufful,340,70,75,50,45,50,50,1,-1.5249206075426498,0.0551110254294586,1,0
Bewear,500,120,125,80,55,60,60,2,1.0428338053434423,0.5352022663146996,0,0
Bounsweet,210,42,30,38,30,38,32,1,-3.5907239822244743,0.21027615365294863,1,0
Steenee,290,52,40,48,40,48,62,1,-2.3754649066465956,-0.27723544668670597,1,0
Tsareena,510,72,120,98,50,98,72,2,1.1594252324095429,0.797872069685676,0,0
Comfey,485,51,52,90,82,110,100,2,0.6952927294802262,-0.2603234908837123,0,0
Oranguru,490,90,60,80,90,110,60,2,0.9416931358137205,0.5324370667621438,0,0
Passimian,490,100,120,90,40,60,80,2,0.7941571359587152,0.3401573694944914,0,0
Wimpod,230,25,35,40,20,30,80,1,-3.4370092631591986,-0.894390919808742,1,0
Golisopod,530,75,125,140,60,90,40,2,1.4978722083188736,2.179773950498106,0,0
Sandygast,320,55,55,80,70,45,15,1,-1.818676964287872,1.1036178008817157,1,0
Palossand,480,85,75,110,100,75,35,2,0.7356146251415475,1.2656743085619064,0,0
Pyukumuku,410,55,60,130,30,130,5,2,-0.25419821782614105,3.385643260759,0,-1
Type: Null,534,95,95,95,95,95,59,2,1.6023732666877946,0.668553517925871,0,0
Silvally,570,95,95,95,95,95,95,0,2.0820770454626523,-0.16472580826196348,2,0
Minior,440,60,60,100,60,100,60,2,0.0640006824876802,1.0157267353220867,0,0
Mega Minior,500,60,100,60,100,60,120,2,0.8305362547304379,-1.8765374844274463,0,0
Komala,480,65,115,65,75,95,65,2,0.7236957174876132,0.04054987982199778,0,0
Turtonator,485,60,78,135,91,85,36,2,0.7689181799316673,1.798984286644322,0,0
Togedemaru,435,65,98,63,40,73,96,2,-0.11059637035003818,-0.5489980530915748,0,0
Mimikyu,476,55,90,80,50,105,96,2,0.5700126871259864,-0.08832823049623939,0,0
Bruxish,475,68,105,70,70,70,92,2,0.5243935117576477,-0.6347543974497007,0,0
Drampa,485,78,60,85,135,91,36,2,0.8633223787478277,0.5405279191135074,0,0
Dhelmise,517,70,131,100,86,90,40,2,1.3309541944923964,1.1451576772155392,0,0
Jangmo-o,300,45,55,65,45,45,45,1,-2.208743592512655,0.3336530397427547,1,0
Hakamo-o,420,55,75,90,65,70,65,2,-0.32087008931715516,0.3857586450020211,0,0
Kommo-o,600,75,110,125,100,105,85,0,2.5412096315039854,0.5936223329242193,0,0
Tapu Koko,570,70,115,85,95,75,130,0,1.9305885458380296,-1.4296695546509706,2,0
Tapu Lele,570,70,85,75,130,115,95,0,2.110361196107748,-0.8044281602425156,2,0
Tapu Bulu,570,70,130,115,85,95,75,0,2.075532418652563,0.6719601591815034,0,0
Tapu Fini,570,70,75,115,95,130,85,0,2.119288670738692,0.6593064560541895,0,0
Cosmog,200,43,29,31,29,31,37,1,-3.7665425919314384,-0.0832018598597516,1,0
Cosmoem,400,43,29,131,29,131,37,2,-0.5101099571068832,2.6528663873192597,0,-1
Solgaleo,680,137,137,107,113,89,97,0,3.8547633389803853,-0.07853196742624567,2,2
Lunala,680,137,113,89,137,107,97,0,3.9111621031471238,-0.4943588068952919,2,2
Nihilego,570,109,53,47,127,131,103,0,2.207742060857609,-1.205584770055928,0,-1
Buzzwole,570,107,139,139,53,53,79,2,2.0053236039468225,1.1245971334131128,0,-1
Pheromosa,570,71,137,37,137,37,151,0,1.8587254454332325,-3.5626448814764387,2,-1
Xurkitree,570,83,89,71,173,71,83,0,2.0760843628900156,-1.347557228407111,0,0
Celesteela,570,97,101,103,107,101,61,0,2.173969170937321,0.7113977392524294,0,0
Kartana,570,59,181,131,59,31,109,0,1.8286709438081656,-0.15339285574907044,2,-1
Guzzlord,570,223,101,53,97,53,43,0,2.3559559504945384,0.3224876506290245,0,-1
Necrozma,600,97,107,101,127,89,79,0,2.5827486795074455,-0.042127005592407916,2,0
Mega Necrozma,680,97,157,127,113,109,77,0,3.8671560217477845,0.7808006389297477,2,0
Magearna,600,80,95,115,130,115,65,0,2.6302703251395307,0.6808090374223176,0,0
Marshadow,600,90,125,80,90,90,125,0,2.4825082682294015,-1.1676157953544932,2,0
Poipole,420,67,73,67,73,67,73,2,-0.3040515090332005,-0.2961412067747097,0,0
Naganadel,540,73,73,73,127,73,121,0,1.4912471148432005,-1.750533116143039,0,0
Stakataka,570,61,131,211,53,101,13,2,2.1217292806278696,4.26133691843799,0,-1
Blacephalon,570,53,127,53,151,79,107,0,2.010596967551538,-2.0855527533821965,2,-1
Zeraora,600,88,112,75,102,80,143,0,2.419843440577786,-1.8819140222862554,2,0
Meltan,300,46,65,65,55,35,34,1,-2.1991982436454545,0.4058596806850016,1,0
Melmetal,600,135,143,143,80,65,34,0,2.6535717474465508,2.175962322231577,0,-1
Grookey,310,50,65,50,40,40,65,1,-2.0865579177157056,-0.3935780390006776,1,0
Thwackey,420,70,85,70,55,60,80,2,-0.33500563621211465,-0.278035302569323,0,0
Rillaboom,530,100,125,90,60,70,85,2,1.4360166770331897,0.11009506410146283,0,0
Scorbunny,310,50,71,40,40,40,69,1,-2.0851385008553818,-0.6786659988807423,1,0
Raboot,420,65,86,60,55,60,94,2,-0.36593035506670235,-0.8101970280380324,0,0
Cinderace,530,80,116,75,65,75,119,2,1.3492124473268108,-1.0360536185126163,0,0
Sobble,310,50,40,40,70,40,70,1,-2.087854216815809,-0.9822028711949204,1,0
Drizzile,420,65,60,55,95,55,90,2,-0.36005679038779703,-1.2349006078259974,0,0
Inteleon,530,70,85,65,125,65,120,2,1.3244082639227281,-1.9425385162067783,0,0
Skwovet,275,70,55,55,35,35,25,1,-2.528406045024775,0.7097640437869811,1,0
Greedent,460,120,95,95,55,75,20,2,0.5221096328690865,1.8844562780464627,0,0
Rookidee,245,38,47,35,33,35,57,1,-3.106834389368009,-0.5014224886710152,1,0
Corvisquire,365,68,67,55,43,55,77,1,-1.1955306481554144,-0.417105688205242,1,0
Corviknight,495,98,87,105,53,85,67,2,0.9358991611914081,1.0150289689637555,0,0
Blipbug,180,25,20,20,25,45,45,1,-4.0885922489444,-0.38099614415243227,1,0
Dottler,335,50,35,80,50,90,30,1,-1.536468804435262,1.319821467248225,1,0
Orbeetle,505,60,45,110,80,120,90,2,1.0471745318209458,0.4892569603510271,0,0
Nickit,245,40,28,28,47,52,50,1,-3.0445498454442164,-0.4518178313452316,1,0
Thievul,455,70,58,58,87,92,90,2,0.2721697120252351,-0.7712527656626635,0,0
Gossifleur,250,40,40,60,40,60,10,1,-2.8845529459733057,1.2120698070689733,1,0
Eldegoss,460,60,50,90,80,120,60,2,0.43254957405429373,0.8016818292340226,0,0
Wooloo,270,42,40,55,40,45,48,1,-2.685053459462232,0.11910084953406556,1,0
Dubwool,490,72,80,100,60,90,88,2,0.7829894115159235,0.31791628960398904,0,0
Chewtle,284,50,64,50,38,38,44,1,-2.4496974667765303,0.09578066932082101,1,0
Drednaw,485,90,115,90,48,68,74,2,0.7321383434843182,0.4342736842717534,0,0
Yamper,270,59,45,50,40,50,26,1,-2.5899524311378173,0.6334806354181038,1,0
Boltund,490,69,90,60,90,60,121,2,0.681676650599264,-1.765438149436385,0,0
Rolycoly,240,30,40,50,40,50,30,1,-3.1161561911991478,0.4399894989509734,1,0
Carkol,410,80,60,90,60,70,50,2,-0.40702004186304047,0.8772653829741812,0,0
Coalossal,510,110,80,120,80,90,30,2,1.277069769893417,1.979420339422426,0,0
Applin,260,40,40,80,40,40,20,1,-2.8141165160168904,1.193012865127474,1,0
Flapple,485,70,110,80,95,60,70,2,0.7103711846284408,-0.2592121418889625,0,0
Appletun,485,110,85,80,100,80,30,2,0.9067813055423176,0.9380660308464444,0,0
Silicobra,315,52,57,75,35,50,46,1,-1.9652410450837223,0.6642094379178889,1,0
Sandaconda,510,72,107,125,65,70,71,2,1.075109524135867,0.958124890299774,0,0
Cramorant,475,70,85,55,85,95,85,2,0.6117983038308229,-0.6794743157988588,0,0
Arrokuda,280,41,63,40,40,30,66,1,-2.5858376071259586,-0.7214527931898506,1,0
Barraskewda,490,61,123,60,60,50,136,2,0.612844752435224,-1.945246282257018,0,0
Toxel,242,40,38,35,54,35,40,1,-3.1085124043236236,-0.30258848502351793,1,0
Toxtricity,502,75,98,70,114,70,75,2,1.0056384677152224,-0.6442625071723425,0,0
Mega Toxtricity,502,75,98,70,114,70,75,2,1.0056384677152224,-0.6442625071723425,0,0
Sizzlipede,305,50,65,45,50,50,45,1,-2.0894214264085464,-0.03983050916287317,1,0
Centiskorch,525,100,115,65,90,90,65,2,1.4760587964245062,-0.02380913686669812,0,0
Clobbopus,310,50,68,60,50,50,32,1,-1.9943523388370894,0.544636823637487,1,0
Grapploct,480,80,118,90,70,80,42,2,0.7442007776247695,1.0231155128976113,0,0
Sinistea,308,40,45,45,74,54,50,1,-2.060490945666269,-0.38401249868853465,1,0
Polteageist,508,60,65,65,134,114,70,2,1.1858133229876753,-0.49009990450764684,0,0
Hatenna,265,42,30,45,56,53,39,1,-2.714129773536661,0.05210796492945225,1,0
Hattrem,370,57,40,65,86,73,49,1,-1.036153908529946,0.12303929300088524,1,0
Hatterene,510,57,90,95,136,103,29,2,1.2612766928661565,0.8954951712750732,0,0
Impidimp,265,45,45,30,55,40,50,1,-2.7463496271895234,-0.5822086091366308,1,0
Morgrem,370,65,60,45,75,55,70,1,-1.0910214512569432,-0.766006328077003,1,0
Grimmsnarl,510,95,120,65,95,75,60,2,1.2141145920895307,-0.10252745676434774,0,0
Obstagoon,520,93,90,101,60,81,95,2,1.2512028458771212,0.16985855748956608,0,0
Perrserker,440,70,110,100,50,60,50,2,0.024079723287564185,1.0242334249825784,0,0
Cursola,510,60,95,50,145,130,30,2,1.3684970084563086,0.16412419181416738,0,-1
Sirfetch'd,507,62,135,95,68,82,65,2,1.0876141256637009,0.5506953630625115,0,0
Mr. Rime,520,80,85,75,110,100,70,2,1.3645631382863577,-0.11990586154587798,0,0
Runerigus,483,58,95,145,50,105,30,2,0.7779253778342898,2.6822373942523594,0,0
Milcery,270,45,40,40,50,61,34,1,-2.596230518855621,0.20494546903032623,1,0
Alcremie,495,65,60,75,110,121,64,2,1.0040017646811221,0.15225027883618905,0,0
Falinks,470,65,100,100,70,60,75,2,0.42959260195332877,0.2362557987569238,0,0
Pincurchin,435,48,101,95,91,85,15,2,0.05873963738818815,1.4728423871956111,0,0
Snom,185,30,25,35,45,30,20,1,-3.985891067762099,0.1767173763440004,1,0
Frosmoth,475,70,65,60,125,90,65,2,0.6468251396815077,-0.5465213029781855,0,0
Stonjourner,470,100,125,135,20,20,70,2,0.37085539540904766,1.285099963867298,0,-1
Eiscue,470,75,80,110,65,90,50,2,0.5548281701269566,1.3490900863850643,0,0
Mega Eiscue,470,75,80,70,65,50,130,2,0.3182635134745991,-1.5970690484595051,0,0
Indeedee,475,60,65,55,105,95,95,2,0.5724752777892506,-1.133696532760202,0,0
Mega Indeedee,475,70,55,65,95,105,85,2,0.6199289906211571,-0.49082319316427114,0,0
Morpeko,436,58,95,58,70,58,97,2,-0.130943250340647,-1.1100303990435405,0,0
Mega Morpeko,436,58,95,58,70,58,97,2,-0.130943250340647,-1.1100303990435405,0,0
Cufant,330,72,80,49,40,49,40,1,-1.6562155686784021,0.3131287306001267,1,0
Copperajah,500,122,130,69,80,69,30,2,1.152460931841512,0.8561474854458233,0,0
Dracozolt,505,90,100,90,80,70,75,2,1.050827406829033,0.12096878224476584,0,0
Arctozolt,505,90,100,90,90,80,55,2,1.1215228865438962,0.5696692104564355,0,0
Dracovish,505,90,90,100,70,80,75,2,1.0590700882578683,0.49683511793721813,0,0
Arctovish,505,90,90,100,80,90,55,2,1.129765567972732,0.9455355461488878,0,0
Duraludon,535,70,95,115,120,50,85,2,1.4052236876931656,-0.2637875690321464,0,-1
Dreepy,270,28,60,30,40,30,82,1,-2.7915730967733876,-1.3266098531942465,1,0
Drakloak,410,68,80,50,60,50,102,2,-0.5491349821308543,-1.3046860870733579,0,0
Dragapult,600,88,120,75,100,75,142,0,2.4125038655540054,-1.8844919383495775,2,0
Zacian,720,92,170,115,80,115,148,0,4.340309245402548,-0.7404909610237669,2,-1
Mega Zacian,670,92,130,115,80,115,138,0,3.572145036997122,-0.4917206726359082,2,-1
Zamazenta,720,92,130,145,80,145,128,0,4.415823777784806,0.5605662810144157,2,-1
Mega Zamazenta,670,92,130,115,80,115,138,0,3.572145036997122,-0.4917206726359082,2,-1
Eternatus,690,140,85,95,145,95,130,0,3.9591682562034234,-1.3002679682051757,2,-1
Mega Eternatus,1125,255,115,250,125,250,130,0,11.14879305672809,3.53224310643621,2,-1
Kubfu,385,60,90,60,53,50,72,1,-0.8920821341152896,-0.38458573245784133,1,0
Urshifu,550,100,130,100,63,60,97,2,1.6914764593265479,-0.09300298625384863,0,0
Mega Urshifu,550,100,130,100,63,60,97,2,1.6914764593265479,-0.09300298625384863,0,0
Zarude,600,105,120,105,70,95,105,0,2.535048146298627,0.06327304971833506,2,0
Regieleki,580,80,100,50,100,50,200,0,1.9158255506509543,-3.9307950963045974,0,-1
Regidrago,580,200,100,50,100,50,80,0,2.386357927487806,-0.726711049462857,0,-1
Glastrier,580,100,145,130,65,110,30,0,2.402501683391218,2.4199693163829914,0,-1
Spectrier,580,100,65,60,145,80,130,0,2.169162503725034,-2.223999991959301,2,0
Calyrex,500,100,80,80,80,80,80,2,1.003865743200392,-0.05677679742862821,0,0
Mega Calyrex,680,100,165,150,85,130,50,0,3.9550914737827365,2.2997309848764487,2,-1
Mega Calyrex X,680,100,85,80,165,100,150,0,3.7217522941165506,-2.344238323465842,2,-1
